smiles,yield
C(CCCO)c1ccccc1.C1CCC2=NCCCN2CC1.c1cc(ccc1S(=O)(=O)F)Cl,42
C(CCCO)c1ccccc1.C1CCC2=NCCCN2CC1.c1ccnc(c1)S(=O)(=O)F,48
C(CCCO)c1ccccc1.C1CCC2=NCCCN2CC1.c1cc(ccc1C(F)(F)F)S(=O)(=O)F,47
C(CCCO)c1ccccc1.C1CCC2=NCCCN2CC1.c1cc(ccc1[N+](=O)[O-])S(=O)(=O)F,52
C(CCCO)c1ccccc1.C1CCC2=NCCCN2CC1.C(C(C(F)(F)S(=O)(=O)F)(F)F)(C(F)(F)F)(F)F,52
C(CCCO)c1ccccc1.CN1CCCN2CCCN=C12.c1cc(ccc1S(=O)(=O)F)Cl,76
C(CCCO)c1ccccc1.CN1CCCN2CCCN=C12.c1ccnc(c1)S(=O)(=O)F,78
C(CCCO)c1ccccc1.CN1CCCN2CCCN=C12.c1cc(ccc1C(F)(F)F)S(=O)(=O)F,87
C(CCCO)c1ccccc1.CN1CCCN2CCCN=C12.c1cc(ccc1[N+](=O)[O-])S(=O)(=O)F,82
C(CCCO)c1ccccc1.CN1CCCN2CCCN=C12.C(C(C(F)(F)S(=O)(=O)F)(F)F)(C(F)(F)F)(F)F,80
C(CCCO)c1ccccc1.CC(C)(C)N=C(N(C)C)N(C)C.c1cc(ccc1S(=O)(=O)F)Cl,78
C(CCCO)c1ccccc1.CC(C)(C)N=C(N(C)C)N(C)C.c1ccnc(c1)S(=O)(=O)F,79
C(CCCO)c1ccccc1.CC(C)(C)N=C(N(C)C)N(C)C.c1cc(ccc1C(F)(F)F)S(=O)(=O)F,91
C(CCCO)c1ccccc1.CC(C)(C)N=C(N(C)C)N(C)C.c1cc(ccc1[N+](=O)[O-])S(=O)(=O)F,87
C(CCCO)c1ccccc1.CC(C)(C)N=C(N(C)C)N(C)C.C(C(C(F)(F)S(=O)(=O)F)(F)F)(C(F)(F)F)(F)F,84
C(CCCO)c1ccccc1.CC(C)(C)N=P(N1CCCC1)(N2CCCC2)N3CCCC3.c1cc(ccc1S(=O)(=O)F)Cl,87
C(CCCO)c1ccccc1.CC(C)(C)N=P(N1CCCC1)(N2CCCC2)N3CCCC3.c1ccnc(c1)S(=O)(=O)F,88
C(CCCO)c1ccccc1.CC(C)(C)N=P(N1CCCC1)(N2CCCC2)N3CCCC3.c1cc(ccc1C(F)(F)F)S(=O)(=O)F,96
C(CCCO)c1ccccc1.CC(C)(C)N=P(N1CCCC1)(N2CCCC2)N3CCCC3.c1cc(ccc1[N+](=O)[O-])S(=O)(=O)F,83
C(CCCO)c1ccccc1.CC(C)(C)N=P(N1CCCC1)(N2CCCC2)N3CCCC3.C(C(C(F)(F)S(=O)(=O)F)(F)F)(C(F)(F)F)(F)F,94
c1(CCC(C)O)ccccc1.C1CCC2=NCCCN2CC1.c1cc(ccc1S(=O)(=O)F)Cl,40
c1(CCC(C)O)ccccc1.C1CCC2=NCCCN2CC1.c1ccnc(c1)S(=O)(=O)F,57
c1(CCC(C)O)ccccc1.C1CCC2=NCCCN2CC1.c1cc(ccc1C(F)(F)F)S(=O)(=O)F,52
c1(CCC(C)O)ccccc1.C1CCC2=NCCCN2CC1.c1cc(ccc1[N+](=O)[O-])S(=O)(=O)F,54
c1(CCC(C)O)ccccc1.C1CCC2=NCCCN2CC1.C(C(C(F)(F)S(=O)(=O)F)(F)F)(C(F)(F)F)(F)F,39
c1(CCC(C)O)ccccc1.CN1CCCN2CCCN=C12.c1cc(ccc1S(=O)(=O)F)Cl,54
c1(CCC(C)O)ccccc1.CN1CCCN2CCCN=C12.c1ccnc(c1)S(=O)(=O)F,59
c1(CCC(C)O)ccccc1.CN1CCCN2CCCN=C12.c1cc(ccc1C(F)(F)F)S(=O)(=O)F,69
c1(CCC(C)O)ccccc1.CN1CCCN2CCCN=C12.c1cc(ccc1[N+](=O)[O-])S(=O)(=O)F,63
c1(CCC(C)O)ccccc1.CN1CCCN2CCCN=C12.C(C(C(F)(F)S(=O)(=O)F)(F)F)(C(F)(F)F)(F)F,60
c1(CCC(C)O)ccccc1.CC(C)(C)N=C(N(C)C)N(C)C.c1cc(ccc1S(=O)(=O)F)Cl,41
c1(CCC(C)O)ccccc1.CC(C)(C)N=C(N(C)C)N(C)C.c1ccnc(c1)S(=O)(=O)F,49
c1(CCC(C)O)ccccc1.CC(C)(C)N=C(N(C)C)N(C)C.c1cc(ccc1C(F)(F)F)S(=O)(=O)F,57
c1(CCC(C)O)ccccc1.CC(C)(C)N=C(N(C)C)N(C)C.c1cc(ccc1[N+](=O)[O-])S(=O)(=O)F,55
c1(CCC(C)O)ccccc1.CC(C)(C)N=C(N(C)C)N(C)C.C(C(C(F)(F)S(=O)(=O)F)(F)F)(C(F)(F)F)(F)F,61
c1(CCC(C)O)ccccc1.CC(C)(C)N=P(N1CCCC1)(N2CCCC2)N3CCCC3.c1cc(ccc1S(=O)(=O)F)Cl,42
c1(CCC(C)O)ccccc1.CC(C)(C)N=P(N1CCCC1)(N2CCCC2)N3CCCC3.c1ccnc(c1)S(=O)(=O)F,53
c1(CCC(C)O)ccccc1.CC(C)(C)N=P(N1CCCC1)(N2CCCC2)N3CCCC3.c1cc(ccc1C(F)(F)F)S(=O)(=O)F,60
c1(CCC(C)O)ccccc1.CC(C)(C)N=P(N1CCCC1)(N2CCCC2)N3CCCC3.c1cc(ccc1[N+](=O)[O-])S(=O)(=O)F,51
c1(CCC(C)O)ccccc1.CC(C)(C)N=P(N1CCCC1)(N2CCCC2)N3CCCC3.C(C(C(F)(F)S(=O)(=O)F)(F)F)(C(F)(F)F)(F)F,65
c1(CCC(C)(O)C)ccccc1.C1CCC2=NCCCN2CC1.c1cc(ccc1S(=O)(=O)F)Cl,0
c1(CCC(C)(O)C)ccccc1.C1CCC2=NCCCN2CC1.c1ccnc(c1)S(=O)(=O)F,4
c1(CCC(C)(O)C)ccccc1.C1CCC2=NCCCN2CC1.c1cc(ccc1C(F)(F)F)S(=O)(=O)F,2
c1(CCC(C)(O)C)ccccc1.C1CCC2=NCCCN2CC1.c1cc(ccc1[N+](=O)[O-])S(=O)(=O)F,4
c1(CCC(C)(O)C)ccccc1.C1CCC2=NCCCN2CC1.C(C(C(F)(F)S(=O)(=O)F)(F)F)(C(F)(F)F)(F)F,9
c1(CCC(C)(O)C)ccccc1.CN1CCCN2CCCN=C12.c1cc(ccc1S(=O)(=O)F)Cl,1
c1(CCC(C)(O)C)ccccc1.CN1CCCN2CCCN=C12.c1ccnc(c1)S(=O)(=O)F,5
c1(CCC(C)(O)C)ccccc1.CN1CCCN2CCCN=C12.c1cc(ccc1C(F)(F)F)S(=O)(=O)F,4
c1(CCC(C)(O)C)ccccc1.CN1CCCN2CCCN=C12.c1cc(ccc1[N+](=O)[O-])S(=O)(=O)F,5
c1(CCC(C)(O)C)ccccc1.CN1CCCN2CCCN=C12.C(C(C(F)(F)S(=O)(=O)F)(F)F)(C(F)(F)F)(F)F,18
c1(CCC(C)(O)C)ccccc1.CC(C)(C)N=C(N(C)C)N(C)C.c1cc(ccc1S(=O)(=O)F)Cl,0
c1(CCC(C)(O)C)ccccc1.CC(C)(C)N=C(N(C)C)N(C)C.c1ccnc(c1)S(=O)(=O)F,0
c1(CCC(C)(O)C)ccccc1.CC(C)(C)N=C(N(C)C)N(C)C.c1cc(ccc1C(F)(F)F)S(=O)(=O)F,0
c1(CCC(C)(O)C)ccccc1.CC(C)(C)N=C(N(C)C)N(C)C.c1cc(ccc1[N+](=O)[O-])S(=O)(=O)F,1
c1(CCC(C)(O)C)ccccc1.CC(C)(C)N=C(N(C)C)N(C)C.C(C(C(F)(F)S(=O)(=O)F)(F)F)(C(F)(F)F)(F)F,17
c1(CCC(C)(O)C)ccccc1.CC(C)(C)N=P(N1CCCC1)(N2CCCC2)N3CCCC3.c1cc(ccc1S(=O)(=O)F)Cl,0
c1(CCC(C)(O)C)ccccc1.CC(C)(C)N=P(N1CCCC1)(N2CCCC2)N3CCCC3.c1ccnc(c1)S(=O)(=O)F,0
c1(CCC(C)(O)C)ccccc1.CC(C)(C)N=P(N1CCCC1)(N2CCCC2)N3CCCC3.c1cc(ccc1C(F)(F)F)S(=O)(=O)F,1
c1(CCC(C)(O)C)ccccc1.CC(C)(C)N=P(N1CCCC1)(N2CCCC2)N3CCCC3.c1cc(ccc1[N+](=O)[O-])S(=O)(=O)F,0
c1(CCC(C)(O)C)ccccc1.CC(C)(C)N=P(N1CCCC1)(N2CCCC2)N3CCCC3.C(C(C(F)(F)S(=O)(=O)F)(F)F)(C(F)(F)F)(F)F,22
c1(c(nc(o1)CCCO)c1ccccc1)c1ccccc1.C1CCC2=NCCCN2CC1.c1cc(ccc1S(=O)(=O)F)Cl,53
c1(c(nc(o1)CCCO)c1ccccc1)c1ccccc1.C1CCC2=NCCCN2CC1.c1ccnc(c1)S(=O)(=O)F,63
c1(c(nc(o1)CCCO)c1ccccc1)c1ccccc1.C1CCC2=NCCCN2CC1.c1cc(ccc1C(F)(F)F)S(=O)(=O)F,63
c1(c(nc(o1)CCCO)c1ccccc1)c1ccccc1.C1CCC2=NCCCN2CC1.c1cc(ccc1[N+](=O)[O-])S(=O)(=O)F,65
c1(c(nc(o1)CCCO)c1ccccc1)c1ccccc1.C1CCC2=NCCCN2CC1.C(C(C(F)(F)S(=O)(=O)F)(F)F)(C(F)(F)F)(F)F,60
c1(c(nc(o1)CCCO)c1ccccc1)c1ccccc1.CN1CCCN2CCCN=C12.c1cc(ccc1S(=O)(=O)F)Cl,88
c1(c(nc(o1)CCCO)c1ccccc1)c1ccccc1.CN1CCCN2CCCN=C12.c1ccnc(c1)S(=O)(=O)F,84
c1(c(nc(o1)CCCO)c1ccccc1)c1ccccc1.CN1CCCN2CCCN=C12.c1cc(ccc1C(F)(F)F)S(=O)(=O)F,98
c1(c(nc(o1)CCCO)c1ccccc1)c1ccccc1.CN1CCCN2CCCN=C12.c1cc(ccc1[N+](=O)[O-])S(=O)(=O)F,89
c1(c(nc(o1)CCCO)c1ccccc1)c1ccccc1.CN1CCCN2CCCN=C12.C(C(C(F)(F)S(=O)(=O)F)(F)F)(C(F)(F)F)(F)F,82
c1(c(nc(o1)CCCO)c1ccccc1)c1ccccc1.CC(C)(C)N=C(N(C)C)N(C)C.c1cc(ccc1S(=O)(=O)F)Cl,94
c1(c(nc(o1)CCCO)c1ccccc1)c1ccccc1.CC(C)(C)N=C(N(C)C)N(C)C.c1ccnc(c1)S(=O)(=O)F,91
c1(c(nc(o1)CCCO)c1ccccc1)c1ccccc1.CC(C)(C)N=C(N(C)C)N(C)C.c1cc(ccc1C(F)(F)F)S(=O)(=O)F,106
c1(c(nc(o1)CCCO)c1ccccc1)c1ccccc1.CC(C)(C)N=C(N(C)C)N(C)C.c1cc(ccc1[N+](=O)[O-])S(=O)(=O)F,101
c1(c(nc(o1)CCCO)c1ccccc1)c1ccccc1.CC(C)(C)N=C(N(C)C)N(C)C.C(C(C(F)(F)S(=O)(=O)F)(F)F)(C(F)(F)F)(F)F,91
c1(c(nc(o1)CCCO)c1ccccc1)c1ccccc1.CC(C)(C)N=P(N1CCCC1)(N2CCCC2)N3CCCC3.c1cc(ccc1S(=O)(=O)F)Cl,94
c1(c(nc(o1)CCCO)c1ccccc1)c1ccccc1.CC(C)(C)N=P(N1CCCC1)(N2CCCC2)N3CCCC3.c1ccnc(c1)S(=O)(=O)F,98
c1(c(nc(o1)CCCO)c1ccccc1)c1ccccc1.CC(C)(C)N=P(N1CCCC1)(N2CCCC2)N3CCCC3.c1cc(ccc1C(F)(F)F)S(=O)(=O)F,104
c1(c(nc(o1)CCCO)c1ccccc1)c1ccccc1.CC(C)(C)N=P(N1CCCC1)(N2CCCC2)N3CCCC3.c1cc(ccc1[N+](=O)[O-])S(=O)(=O)F,95
c1(c(nc(o1)CCCO)c1ccccc1)c1ccccc1.CC(C)(C)N=P(N1CCCC1)(N2CCCC2)N3CCCC3.C(C(C(F)(F)S(=O)(=O)F)(F)F)(C(F)(F)F)(F)F,94
c12c(n(c(=O)n(c1=O)CCCCC(O)C)C)ncn2C.C1CCC2=NCCCN2CC1.c1cc(ccc1S(=O)(=O)F)Cl,53
c12c(n(c(=O)n(c1=O)CCCCC(O)C)C)ncn2C.C1CCC2=NCCCN2CC1.c1ccnc(c1)S(=O)(=O)F,68
c12c(n(c(=O)n(c1=O)CCCCC(O)C)C)ncn2C.C1CCC2=NCCCN2CC1.c1cc(ccc1C(F)(F)F)S(=O)(=O)F,71
c12c(n(c(=O)n(c1=O)CCCCC(O)C)C)ncn2C.C1CCC2=NCCCN2CC1.c1cc(ccc1[N+](=O)[O-])S(=O)(=O)F,74
c12c(n(c(=O)n(c1=O)CCCCC(O)C)C)ncn2C.C1CCC2=NCCCN2CC1.C(C(C(F)(F)S(=O)(=O)F)(F)F)(C(F)(F)F)(F)F,54
c12c(n(c(=O)n(c1=O)CCCCC(O)C)C)ncn2C.CN1CCCN2CCCN=C12.c1cc(ccc1S(=O)(=O)F)Cl,52
c12c(n(c(=O)n(c1=O)CCCCC(O)C)C)ncn2C.CN1CCCN2CCCN=C12.c1ccnc(c1)S(=O)(=O)F,68
c12c(n(c(=O)n(c1=O)CCCCC(O)C)C)ncn2C.CN1CCCN2CCCN=C12.c1cc(ccc1C(F)(F)F)S(=O)(=O)F,72
c12c(n(c(=O)n(c1=O)CCCCC(O)C)C)ncn2C.CN1CCCN2CCCN=C12.c1cc(ccc1[N+](=O)[O-])S(=O)(=O)F,66
c12c(n(c(=O)n(c1=O)CCCCC(O)C)C)ncn2C.CN1CCCN2CCCN=C12.C(C(C(F)(F)S(=O)(=O)F)(F)F)(C(F)(F)F)(F)F,53
c12c(n(c(=O)n(c1=O)CCCCC(O)C)C)ncn2C.CC(C)(C)N=C(N(C)C)N(C)C.c1cc(ccc1S(=O)(=O)F)Cl,49
c12c(n(c(=O)n(c1=O)CCCCC(O)C)C)ncn2C.CC(C)(C)N=C(N(C)C)N(C)C.c1ccnc(c1)S(=O)(=O)F,69
c12c(n(c(=O)n(c1=O)CCCCC(O)C)C)ncn2C.CC(C)(C)N=C(N(C)C)N(C)C.c1cc(ccc1C(F)(F)F)S(=O)(=O)F,80
c12c(n(c(=O)n(c1=O)CCCCC(O)C)C)ncn2C.CC(C)(C)N=C(N(C)C)N(C)C.c1cc(ccc1[N+](=O)[O-])S(=O)(=O)F,82
c12c(n(c(=O)n(c1=O)CCCCC(O)C)C)ncn2C.CC(C)(C)N=C(N(C)C)N(C)C.C(C(C(F)(F)S(=O)(=O)F)(F)F)(C(F)(F)F)(F)F,76
c12c(n(c(=O)n(c1=O)CCCCC(O)C)C)ncn2C.CC(C)(C)N=P(N1CCCC1)(N2CCCC2)N3CCCC3.c1cc(ccc1S(=O)(=O)F)Cl,48
c12c(n(c(=O)n(c1=O)CCCCC(O)C)C)ncn2C.CC(C)(C)N=P(N1CCCC1)(N2CCCC2)N3CCCC3.c1ccnc(c1)S(=O)(=O)F,67
c12c(n(c(=O)n(c1=O)CCCCC(O)C)C)ncn2C.CC(C)(C)N=P(N1CCCC1)(N2CCCC2)N3CCCC3.c1cc(ccc1C(F)(F)F)S(=O)(=O)F,78
c12c(n(c(=O)n(c1=O)CCCCC(O)C)C)ncn2C.CC(C)(C)N=P(N1CCCC1)(N2CCCC2)N3CCCC3.c1cc(ccc1[N+](=O)[O-])S(=O)(=O)F,66
c12c(n(c(=O)n(c1=O)CCCCC(O)C)C)ncn2C.CC(C)(C)N=P(N1CCCC1)(N2CCCC2)N3CCCC3.C(C(C(F)(F)S(=O)(=O)F)(F)F)(C(F)(F)F)(F)F,72
C1(C(C(C(O1)n1c2c(nc1)c(ncn2)N(Cc1ccccc1)Cc1ccccc1)OCc1ccccc1)OCc1ccccc1)CO.C1CCC2=NCCCN2CC1.c1cc(ccc1S(=O)(=O)F)Cl,6
C1(C(C(C(O1)n1c2c(nc1)c(ncn2)N(Cc1ccccc1)Cc1ccccc1)OCc1ccccc1)OCc1ccccc1)CO.C1CCC2=NCCCN2CC1.c1ccnc(c1)S(=O)(=O)F,13
C1(C(C(C(O1)n1c2c(nc1)c(ncn2)N(Cc1ccccc1)Cc1ccccc1)OCc1ccccc1)OCc1ccccc1)CO.C1CCC2=NCCCN2CC1.c1cc(ccc1C(F)(F)F)S(=O)(=O)F,14
C1(C(C(C(O1)n1c2c(nc1)c(ncn2)N(Cc1ccccc1)Cc1ccccc1)OCc1ccccc1)OCc1ccccc1)CO.C1CCC2=NCCCN2CC1.c1cc(ccc1[N+](=O)[O-])S(=O)(=O)F,17
C1(C(C(C(O1)n1c2c(nc1)c(ncn2)N(Cc1ccccc1)Cc1ccccc1)OCc1ccccc1)OCc1ccccc1)CO.C1CCC2=NCCCN2CC1.C(C(C(F)(F)S(=O)(=O)F)(F)F)(C(F)(F)F)(F)F,29
C1(C(C(C(O1)n1c2c(nc1)c(ncn2)N(Cc1ccccc1)Cc1ccccc1)OCc1ccccc1)OCc1ccccc1)CO.CN1CCCN2CCCN=C12.c1cc(ccc1S(=O)(=O)F)Cl,17
C1(C(C(C(O1)n1c2c(nc1)c(ncn2)N(Cc1ccccc1)Cc1ccccc1)OCc1ccccc1)OCc1ccccc1)CO.CN1CCCN2CCCN=C12.c1ccnc(c1)S(=O)(=O)F,26
C1(C(C(C(O1)n1c2c(nc1)c(ncn2)N(Cc1ccccc1)Cc1ccccc1)OCc1ccccc1)OCc1ccccc1)CO.CN1CCCN2CCCN=C12.c1cc(ccc1C(F)(F)F)S(=O)(=O)F,30
C1(C(C(C(O1)n1c2c(nc1)c(ncn2)N(Cc1ccccc1)Cc1ccccc1)OCc1ccccc1)OCc1ccccc1)CO.CN1CCCN2CCCN=C12.c1cc(ccc1[N+](=O)[O-])S(=O)(=O)F,36
C1(C(C(C(O1)n1c2c(nc1)c(ncn2)N(Cc1ccccc1)Cc1ccccc1)OCc1ccccc1)OCc1ccccc1)CO.CN1CCCN2CCCN=C12.C(C(C(F)(F)S(=O)(=O)F)(F)F)(C(F)(F)F)(F)F,38
C1(C(C(C(O1)n1c2c(nc1)c(ncn2)N(Cc1ccccc1)Cc1ccccc1)OCc1ccccc1)OCc1ccccc1)CO.CC(C)(C)N=C(N(C)C)N(C)C.c1cc(ccc1S(=O)(=O)F)Cl,21
C1(C(C(C(O1)n1c2c(nc1)c(ncn2)N(Cc1ccccc1)Cc1ccccc1)OCc1ccccc1)OCc1ccccc1)CO.CC(C)(C)N=C(N(C)C)N(C)C.c1ccnc(c1)S(=O)(=O)F,31
C1(C(C(C(O1)n1c2c(nc1)c(ncn2)N(Cc1ccccc1)Cc1ccccc1)OCc1ccccc1)OCc1ccccc1)CO.CC(C)(C)N=C(N(C)C)N(C)C.c1cc(ccc1C(F)(F)F)S(=O)(=O)F,34
C1(C(C(C(O1)n1c2c(nc1)c(ncn2)N(Cc1ccccc1)Cc1ccccc1)OCc1ccccc1)OCc1ccccc1)CO.CC(C)(C)N=C(N(C)C)N(C)C.c1cc(ccc1[N+](=O)[O-])S(=O)(=O)F,40
C1(C(C(C(O1)n1c2c(nc1)c(ncn2)N(Cc1ccccc1)Cc1ccccc1)OCc1ccccc1)OCc1ccccc1)CO.CC(C)(C)N=C(N(C)C)N(C)C.C(C(C(F)(F)S(=O)(=O)F)(F)F)(C(F)(F)F)(F)F,49
C1(C(C(C(O1)n1c2c(nc1)c(ncn2)N(Cc1ccccc1)Cc1ccccc1)OCc1ccccc1)OCc1ccccc1)CO.CC(C)(C)N=P(N1CCCC1)(N2CCCC2)N3CCCC3.c1cc(ccc1S(=O)(=O)F)Cl,32
C1(C(C(C(O1)n1c2c(nc1)c(ncn2)N(Cc1ccccc1)Cc1ccccc1)OCc1ccccc1)OCc1ccccc1)CO.CC(C)(C)N=P(N1CCCC1)(N2CCCC2)N3CCCC3.c1ccnc(c1)S(=O)(=O)F,38
C1(C(C(C(O1)n1c2c(nc1)c(ncn2)N(Cc1ccccc1)Cc1ccccc1)OCc1ccccc1)OCc1ccccc1)CO.CC(C)(C)N=P(N1CCCC1)(N2CCCC2)N3CCCC3.c1cc(ccc1C(F)(F)F)S(=O)(=O)F,45
C1(C(C(C(O1)n1c2c(nc1)c(ncn2)N(Cc1ccccc1)Cc1ccccc1)OCc1ccccc1)OCc1ccccc1)CO.CC(C)(C)N=P(N1CCCC1)(N2CCCC2)N3CCCC3.c1cc(ccc1[N+](=O)[O-])S(=O)(=O)F,49
C1(C(C(C(O1)n1c2c(nc1)c(ncn2)N(Cc1ccccc1)Cc1ccccc1)OCc1ccccc1)OCc1ccccc1)CO.CC(C)(C)N=P(N1CCCC1)(N2CCCC2)N3CCCC3.C(C(C(F)(F)S(=O)(=O)F)(F)F)(C(F)(F)F)(F)F,47
c1c(ccc(c1Cl)/N=N/c1ccc(cc1)N(CCO)CC)[N+](=O)[O-].C1CCC2=NCCCN2CC1.c1cc(ccc1S(=O)(=O)F)Cl,43
c1c(ccc(c1Cl)/N=N/c1ccc(cc1)N(CCO)CC)[N+](=O)[O-].C1CCC2=NCCCN2CC1.c1ccnc(c1)S(=O)(=O)F,54
c1c(ccc(c1Cl)/N=N/c1ccc(cc1)N(CCO)CC)[N+](=O)[O-].C1CCC2=NCCCN2CC1.c1cc(ccc1C(F)(F)F)S(=O)(=O)F,54
c1c(ccc(c1Cl)/N=N/c1ccc(cc1)N(CCO)CC)[N+](=O)[O-].C1CCC2=NCCCN2CC1.c1cc(ccc1[N+](=O)[O-])S(=O)(=O)F,58
c1c(ccc(c1Cl)/N=N/c1ccc(cc1)N(CCO)CC)[N+](=O)[O-].C1CCC2=NCCCN2CC1.C(C(C(F)(F)S(=O)(=O)F)(F)F)(C(F)(F)F)(F)F,52
c1c(ccc(c1Cl)/N=N/c1ccc(cc1)N(CCO)CC)[N+](=O)[O-].CN1CCCN2CCCN=C12.c1cc(ccc1S(=O)(=O)F)Cl,72
c1c(ccc(c1Cl)/N=N/c1ccc(cc1)N(CCO)CC)[N+](=O)[O-].CN1CCCN2CCCN=C12.c1ccnc(c1)S(=O)(=O)F,74
c1c(ccc(c1Cl)/N=N/c1ccc(cc1)N(CCO)CC)[N+](=O)[O-].CN1CCCN2CCCN=C12.c1cc(ccc1C(F)(F)F)S(=O)(=O)F,80
c1c(ccc(c1Cl)/N=N/c1ccc(cc1)N(CCO)CC)[N+](=O)[O-].CN1CCCN2CCCN=C12.c1cc(ccc1[N+](=O)[O-])S(=O)(=O)F,77
c1c(ccc(c1Cl)/N=N/c1ccc(cc1)N(CCO)CC)[N+](=O)[O-].CN1CCCN2CCCN=C12.C(C(C(F)(F)S(=O)(=O)F)(F)F)(C(F)(F)F)(F)F,65
c1c(ccc(c1Cl)/N=N/c1ccc(cc1)N(CCO)CC)[N+](=O)[O-].CC(C)(C)N=C(N(C)C)N(C)C.c1cc(ccc1S(=O)(=O)F)Cl,73
c1c(ccc(c1Cl)/N=N/c1ccc(cc1)N(CCO)CC)[N+](=O)[O-].CC(C)(C)N=C(N(C)C)N(C)C.c1ccnc(c1)S(=O)(=O)F,76
c1c(ccc(c1Cl)/N=N/c1ccc(cc1)N(CCO)CC)[N+](=O)[O-].CC(C)(C)N=C(N(C)C)N(C)C.c1cc(ccc1C(F)(F)F)S(=O)(=O)F,80
c1c(ccc(c1Cl)/N=N/c1ccc(cc1)N(CCO)CC)[N+](=O)[O-].CC(C)(C)N=C(N(C)C)N(C)C.c1cc(ccc1[N+](=O)[O-])S(=O)(=O)F,77
c1c(ccc(c1Cl)/N=N/c1ccc(cc1)N(CCO)CC)[N+](=O)[O-].CC(C)(C)N=C(N(C)C)N(C)C.C(C(C(F)(F)S(=O)(=O)F)(F)F)(C(F)(F)F)(F)F,56
c1c(ccc(c1Cl)/N=N/c1ccc(cc1)N(CCO)CC)[N+](=O)[O-].CC(C)(C)N=P(N1CCCC1)(N2CCCC2)N3CCCC3.c1cc(ccc1S(=O)(=O)F)Cl,66
c1c(ccc(c1Cl)/N=N/c1ccc(cc1)N(CCO)CC)[N+](=O)[O-].CC(C)(C)N=P(N1CCCC1)(N2CCCC2)N3CCCC3.c1ccnc(c1)S(=O)(=O)F,75
c1c(ccc(c1Cl)/N=N/c1ccc(cc1)N(CCO)CC)[N+](=O)[O-].CC(C)(C)N=P(N1CCCC1)(N2CCCC2)N3CCCC3.c1cc(ccc1C(F)(F)F)S(=O)(=O)F,67
c1c(ccc(c1Cl)/N=N/c1ccc(cc1)N(CCO)CC)[N+](=O)[O-].CC(C)(C)N=P(N1CCCC1)(N2CCCC2)N3CCCC3.c1cc(ccc1[N+](=O)[O-])S(=O)(=O)F,73
c1c(ccc(c1Cl)/N=N/c1ccc(cc1)N(CCO)CC)[N+](=O)[O-].CC(C)(C)N=P(N1CCCC1)(N2CCCC2)N3CCCC3.C(C(C(F)(F)S(=O)(=O)F)(F)F)(C(F)(F)F)(F)F,46
C1CCN(C(C1)CO)CCCc1ccccc1.C1CCC2=NCCCN2CC1.c1cc(ccc1S(=O)(=O)F)Cl,6
C1CCN(C(C1)CO)CCCc1ccccc1.C1CCC2=NCCCN2CC1.c1ccnc(c1)S(=O)(=O)F,7
C1CCN(C(C1)CO)CCCc1ccccc1.C1CCC2=NCCCN2CC1.c1cc(ccc1C(F)(F)F)S(=O)(=O)F,8
C1CCN(C(C1)CO)CCCc1ccccc1.C1CCC2=NCCCN2CC1.c1cc(ccc1[N+](=O)[O-])S(=O)(=O)F,8
C1CCN(C(C1)CO)CCCc1ccccc1.C1CCC2=NCCCN2CC1.C(C(C(F)(F)S(=O)(=O)F)(F)F)(C(F)(F)F)(F)F,10
C1CCN(C(C1)CO)CCCc1ccccc1.CN1CCCN2CCCN=C12.c1cc(ccc1S(=O)(=O)F)Cl,21
C1CCN(C(C1)CO)CCCc1ccccc1.CN1CCCN2CCCN=C12.c1ccnc(c1)S(=O)(=O)F,18
C1CCN(C(C1)CO)CCCc1ccccc1.CN1CCCN2CCCN=C12.c1cc(ccc1C(F)(F)F)S(=O)(=O)F,22
C1CCN(C(C1)CO)CCCc1ccccc1.CN1CCCN2CCCN=C12.c1cc(ccc1[N+](=O)[O-])S(=O)(=O)F,20
C1CCN(C(C1)CO)CCCc1ccccc1.CN1CCCN2CCCN=C12.C(C(C(F)(F)S(=O)(=O)F)(F)F)(C(F)(F)F)(F)F,23
C1CCN(C(C1)CO)CCCc1ccccc1.CC(C)(C)N=C(N(C)C)N(C)C.c1cc(ccc1S(=O)(=O)F)Cl,26
C1CCN(C(C1)CO)CCCc1ccccc1.CC(C)(C)N=C(N(C)C)N(C)C.c1ccnc(c1)S(=O)(=O)F,17
C1CCN(C(C1)CO)CCCc1ccccc1.CC(C)(C)N=C(N(C)C)N(C)C.c1cc(ccc1C(F)(F)F)S(=O)(=O)F,28
C1CCN(C(C1)CO)CCCc1ccccc1.CC(C)(C)N=C(N(C)C)N(C)C.c1cc(ccc1[N+](=O)[O-])S(=O)(=O)F,27
C1CCN(C(C1)CO)CCCc1ccccc1.CC(C)(C)N=C(N(C)C)N(C)C.C(C(C(F)(F)S(=O)(=O)F)(F)F)(C(F)(F)F)(F)F,30
C1CCN(C(C1)CO)CCCc1ccccc1.CC(C)(C)N=P(N1CCCC1)(N2CCCC2)N3CCCC3.c1cc(ccc1S(=O)(=O)F)Cl,27
C1CCN(C(C1)CO)CCCc1ccccc1.CC(C)(C)N=P(N1CCCC1)(N2CCCC2)N3CCCC3.c1ccnc(c1)S(=O)(=O)F,16
C1CCN(C(C1)CO)CCCc1ccccc1.CC(C)(C)N=P(N1CCCC1)(N2CCCC2)N3CCCC3.c1cc(ccc1C(F)(F)F)S(=O)(=O)F,31
C1CCN(C(C1)CO)CCCc1ccccc1.CC(C)(C)N=P(N1CCCC1)(N2CCCC2)N3CCCC3.c1cc(ccc1[N+](=O)[O-])S(=O)(=O)F,28
C1CCN(C(C1)CO)CCCc1ccccc1.CC(C)(C)N=P(N1CCCC1)(N2CCCC2)N3CCCC3.C(C(C(F)(F)S(=O)(=O)F)(F)F)(C(F)(F)F)(F)F,36
C1[C@@H](C[C@@H]1O)OCc1ccccc1.C1CCC2=NCCCN2CC1.c1cc(ccc1S(=O)(=O)F)Cl,1
C1[C@@H](C[C@@H]1O)OCc1ccccc1.C1CCC2=NCCCN2CC1.c1ccnc(c1)S(=O)(=O)F,1
C1[C@@H](C[C@@H]1O)OCc1ccccc1.C1CCC2=NCCCN2CC1.c1cc(ccc1C(F)(F)F)S(=O)(=O)F,3
C1[C@@H](C[C@@H]1O)OCc1ccccc1.C1CCC2=NCCCN2CC1.c1cc(ccc1[N+](=O)[O-])S(=O)(=O)F,11
C1[C@@H](C[C@@H]1O)OCc1ccccc1.C1CCC2=NCCCN2CC1.C(C(C(F)(F)S(=O)(=O)F)(F)F)(C(F)(F)F)(F)F,83
C1[C@@H](C[C@@H]1O)OCc1ccccc1.CN1CCCN2CCCN=C12.c1cc(ccc1S(=O)(=O)F)Cl,1
C1[C@@H](C[C@@H]1O)OCc1ccccc1.CN1CCCN2CCCN=C12.c1ccnc(c1)S(=O)(=O)F,2
C1[C@@H](C[C@@H]1O)OCc1ccccc1.CN1CCCN2CCCN=C12.c1cc(ccc1C(F)(F)F)S(=O)(=O)F,4
C1[C@@H](C[C@@H]1O)OCc1ccccc1.CN1CCCN2CCCN=C12.c1cc(ccc1[N+](=O)[O-])S(=O)(=O)F,12
C1[C@@H](C[C@@H]1O)OCc1ccccc1.CN1CCCN2CCCN=C12.C(C(C(F)(F)S(=O)(=O)F)(F)F)(C(F)(F)F)(F)F,79
C1[C@@H](C[C@@H]1O)OCc1ccccc1.CC(C)(C)N=C(N(C)C)N(C)C.c1cc(ccc1S(=O)(=O)F)Cl,1
C1[C@@H](C[C@@H]1O)OCc1ccccc1.CC(C)(C)N=C(N(C)C)N(C)C.c1ccnc(c1)S(=O)(=O)F,1
C1[C@@H](C[C@@H]1O)OCc1ccccc1.CC(C)(C)N=C(N(C)C)N(C)C.c1cc(ccc1C(F)(F)F)S(=O)(=O)F,5
C1[C@@H](C[C@@H]1O)OCc1ccccc1.CC(C)(C)N=C(N(C)C)N(C)C.c1cc(ccc1[N+](=O)[O-])S(=O)(=O)F,12
C1[C@@H](C[C@@H]1O)OCc1ccccc1.CC(C)(C)N=C(N(C)C)N(C)C.C(C(C(F)(F)S(=O)(=O)F)(F)F)(C(F)(F)F)(F)F,89
C1[C@@H](C[C@@H]1O)OCc1ccccc1.CC(C)(C)N=P(N1CCCC1)(N2CCCC2)N3CCCC3.c1cc(ccc1S(=O)(=O)F)Cl,3
C1[C@@H](C[C@@H]1O)OCc1ccccc1.CC(C)(C)N=P(N1CCCC1)(N2CCCC2)N3CCCC3.c1ccnc(c1)S(=O)(=O)F,1
C1[C@@H](C[C@@H]1O)OCc1ccccc1.CC(C)(C)N=P(N1CCCC1)(N2CCCC2)N3CCCC3.c1cc(ccc1C(F)(F)F)S(=O)(=O)F,12
C1[C@@H](C[C@@H]1O)OCc1ccccc1.CC(C)(C)N=P(N1CCCC1)(N2CCCC2)N3CCCC3.c1cc(ccc1[N+](=O)[O-])S(=O)(=O)F,22
C1[C@@H](C[C@@H]1O)OCc1ccccc1.CC(C)(C)N=P(N1CCCC1)(N2CCCC2)N3CCCC3.C(C(C(F)(F)S(=O)(=O)F)(F)F)(C(F)(F)F)(F)F,82
C1N([C@@H](C[C@H]1O)C(=O)OC)C(=O)OC(C)(C)C.C1CCC2=NCCCN2CC1.c1cc(ccc1S(=O)(=O)F)Cl,23
C1N([C@@H](C[C@H]1O)C(=O)OC)C(=O)OC(C)(C)C.C1CCC2=NCCCN2CC1.c1ccnc(c1)S(=O)(=O)F,40
C1N([C@@H](C[C@H]1O)C(=O)OC)C(=O)OC(C)(C)C.C1CCC2=NCCCN2CC1.c1cc(ccc1C(F)(F)F)S(=O)(=O)F,47
C1N([C@@H](C[C@H]1O)C(=O)OC)C(=O)OC(C)(C)C.C1CCC2=NCCCN2CC1.c1cc(ccc1[N+](=O)[O-])S(=O)(=O)F,55
C1N([C@@H](C[C@H]1O)C(=O)OC)C(=O)OC(C)(C)C.C1CCC2=NCCCN2CC1.C(C(C(F)(F)S(=O)(=O)F)(F)F)(C(F)(F)F)(F)F,76
C1N([C@@H](C[C@H]1O)C(=O)OC)C(=O)OC(C)(C)C.CN1CCCN2CCCN=C12.c1cc(ccc1S(=O)(=O)F)Cl,34
C1N([C@@H](C[C@H]1O)C(=O)OC)C(=O)OC(C)(C)C.CN1CCCN2CCCN=C12.c1ccnc(c1)S(=O)(=O)F,41
C1N([C@@H](C[C@H]1O)C(=O)OC)C(=O)OC(C)(C)C.CN1CCCN2CCCN=C12.c1cc(ccc1C(F)(F)F)S(=O)(=O)F,60
C1N([C@@H](C[C@H]1O)C(=O)OC)C(=O)OC(C)(C)C.CN1CCCN2CCCN=C12.c1cc(ccc1[N+](=O)[O-])S(=O)(=O)F,65
C1N([C@@H](C[C@H]1O)C(=O)OC)C(=O)OC(C)(C)C.CN1CCCN2CCCN=C12.C(C(C(F)(F)S(=O)(=O)F)(F)F)(C(F)(F)F)(F)F,88
C1N([C@@H](C[C@H]1O)C(=O)OC)C(=O)OC(C)(C)C.CC(C)(C)N=C(N(C)C)N(C)C.c1cc(ccc1S(=O)(=O)F)Cl,30
C1N([C@@H](C[C@H]1O)C(=O)OC)C(=O)OC(C)(C)C.CC(C)(C)N=C(N(C)C)N(C)C.c1ccnc(c1)S(=O)(=O)F,39
C1N([C@@H](C[C@H]1O)C(=O)OC)C(=O)OC(C)(C)C.CC(C)(C)N=C(N(C)C)N(C)C.c1cc(ccc1C(F)(F)F)S(=O)(=O)F,47
C1N([C@@H](C[C@H]1O)C(=O)OC)C(=O)OC(C)(C)C.CC(C)(C)N=C(N(C)C)N(C)C.c1cc(ccc1[N+](=O)[O-])S(=O)(=O)F,55
C1N([C@@H](C[C@H]1O)C(=O)OC)C(=O)OC(C)(C)C.CC(C)(C)N=C(N(C)C)N(C)C.C(C(C(F)(F)S(=O)(=O)F)(F)F)(C(F)(F)F)(F)F,79
C1N([C@@H](C[C@H]1O)C(=O)OC)C(=O)OC(C)(C)C.CC(C)(C)N=P(N1CCCC1)(N2CCCC2)N3CCCC3.c1cc(ccc1S(=O)(=O)F)Cl,46
C1N([C@@H](C[C@H]1O)C(=O)OC)C(=O)OC(C)(C)C.CC(C)(C)N=P(N1CCCC1)(N2CCCC2)N3CCCC3.c1ccnc(c1)S(=O)(=O)F,49
C1N([C@@H](C[C@H]1O)C(=O)OC)C(=O)OC(C)(C)C.CC(C)(C)N=P(N1CCCC1)(N2CCCC2)N3CCCC3.c1cc(ccc1C(F)(F)F)S(=O)(=O)F,58
C1N([C@@H](C[C@H]1O)C(=O)OC)C(=O)OC(C)(C)C.CC(C)(C)N=P(N1CCCC1)(N2CCCC2)N3CCCC3.c1cc(ccc1[N+](=O)[O-])S(=O)(=O)F,56
C1N([C@@H](C[C@H]1O)C(=O)OC)C(=O)OC(C)(C)C.CC(C)(C)N=P(N1CCCC1)(N2CCCC2)N3CCCC3.C(C(C(F)(F)S(=O)(=O)F)(F)F)(C(F)(F)F)(F)F,82
C1N([C@@H](C[C@@H]1O)C(=O)OC)C(=O)OC(C)(C)C.C1CCC2=NCCCN2CC1.c1cc(ccc1S(=O)(=O)F)Cl,25
C1N([C@@H](C[C@@H]1O)C(=O)OC)C(=O)OC(C)(C)C.C1CCC2=NCCCN2CC1.c1ccnc(c1)S(=O)(=O)F,45
C1N([C@@H](C[C@@H]1O)C(=O)OC)C(=O)OC(C)(C)C.C1CCC2=NCCCN2CC1.c1cc(ccc1C(F)(F)F)S(=O)(=O)F,41
C1N([C@@H](C[C@@H]1O)C(=O)OC)C(=O)OC(C)(C)C.C1CCC2=NCCCN2CC1.c1cc(ccc1[N+](=O)[O-])S(=O)(=O)F,48
C1N([C@@H](C[C@@H]1O)C(=O)OC)C(=O)OC(C)(C)C.C1CCC2=NCCCN2CC1.C(C(C(F)(F)S(=O)(=O)F)(F)F)(C(F)(F)F)(F)F,59
C1N([C@@H](C[C@@H]1O)C(=O)OC)C(=O)OC(C)(C)C.CN1CCCN2CCCN=C12.c1cc(ccc1S(=O)(=O)F)Cl,30
C1N([C@@H](C[C@@H]1O)C(=O)OC)C(=O)OC(C)(C)C.CN1CCCN2CCCN=C12.c1ccnc(c1)S(=O)(=O)F,40
C1N([C@@H](C[C@@H]1O)C(=O)OC)C(=O)OC(C)(C)C.CN1CCCN2CCCN=C12.c1cc(ccc1C(F)(F)F)S(=O)(=O)F,47
C1N([C@@H](C[C@@H]1O)C(=O)OC)C(=O)OC(C)(C)C.CN1CCCN2CCCN=C12.c1cc(ccc1[N+](=O)[O-])S(=O)(=O)F,48
C1N([C@@H](C[C@@H]1O)C(=O)OC)C(=O)OC(C)(C)C.CN1CCCN2CCCN=C12.C(C(C(F)(F)S(=O)(=O)F)(F)F)(C(F)(F)F)(F)F,74
C1N([C@@H](C[C@@H]1O)C(=O)OC)C(=O)OC(C)(C)C.CC(C)(C)N=C(N(C)C)N(C)C.c1cc(ccc1S(=O)(=O)F)Cl,29
C1N([C@@H](C[C@@H]1O)C(=O)OC)C(=O)OC(C)(C)C.CC(C)(C)N=C(N(C)C)N(C)C.c1ccnc(c1)S(=O)(=O)F,39
C1N([C@@H](C[C@@H]1O)C(=O)OC)C(=O)OC(C)(C)C.CC(C)(C)N=C(N(C)C)N(C)C.c1cc(ccc1C(F)(F)F)S(=O)(=O)F,39
C1N([C@@H](C[C@@H]1O)C(=O)OC)C(=O)OC(C)(C)C.CC(C)(C)N=C(N(C)C)N(C)C.c1cc(ccc1[N+](=O)[O-])S(=O)(=O)F,40
C1N([C@@H](C[C@@H]1O)C(=O)OC)C(=O)OC(C)(C)C.CC(C)(C)N=C(N(C)C)N(C)C.C(C(C(F)(F)S(=O)(=O)F)(F)F)(C(F)(F)F)(F)F,64
C1N([C@@H](C[C@@H]1O)C(=O)OC)C(=O)OC(C)(C)C.CC(C)(C)N=P(N1CCCC1)(N2CCCC2)N3CCCC3.c1cc(ccc1S(=O)(=O)F)Cl,30
C1N([C@@H](C[C@@H]1O)C(=O)OC)C(=O)OC(C)(C)C.CC(C)(C)N=P(N1CCCC1)(N2CCCC2)N3CCCC3.c1ccnc(c1)S(=O)(=O)F,33
C1N([C@@H](C[C@@H]1O)C(=O)OC)C(=O)OC(C)(C)C.CC(C)(C)N=P(N1CCCC1)(N2CCCC2)N3CCCC3.c1cc(ccc1C(F)(F)F)S(=O)(=O)F,33
C1N([C@@H](C[C@@H]1O)C(=O)OC)C(=O)OC(C)(C)C.CC(C)(C)N=P(N1CCCC1)(N2CCCC2)N3CCCC3.c1cc(ccc1[N+](=O)[O-])S(=O)(=O)F,32
C1N([C@@H](C[C@@H]1O)C(=O)OC)C(=O)OC(C)(C)C.CC(C)(C)N=P(N1CCCC1)(N2CCCC2)N3CCCC3.C(C(C(F)(F)S(=O)(=O)F)(F)F)(C(F)(F)F)(F)F,58
O1C(O[C@H](C1)[C@@H]1[C@H]([C@@H]2[C@H](O1)OC(O2)(C)C)O)(C)C.C1CCC2=NCCCN2CC1.c1cc(ccc1S(=O)(=O)F)Cl,0
O1C(O[C@H](C1)[C@@H]1[C@H]([C@@H]2[C@H](O1)OC(O2)(C)C)O)(C)C.C1CCC2=NCCCN2CC1.c1ccnc(c1)S(=O)(=O)F,0
O1C(O[C@H](C1)[C@@H]1[C@H]([C@@H]2[C@H](O1)OC(O2)(C)C)O)(C)C.C1CCC2=NCCCN2CC1.c1cc(ccc1C(F)(F)F)S(=O)(=O)F,0
O1C(O[C@H](C1)[C@@H]1[C@H]([C@@H]2[C@H](O1)OC(O2)(C)C)O)(C)C.C1CCC2=NCCCN2CC1.c1cc(ccc1[N+](=O)[O-])S(=O)(=O)F,0
O1C(O[C@H](C1)[C@@H]1[C@H]([C@@H]2[C@H](O1)OC(O2)(C)C)O)(C)C.C1CCC2=NCCCN2CC1.C(C(C(F)(F)S(=O)(=O)F)(F)F)(C(F)(F)F)(F)F,65
O1C(O[C@H](C1)[C@@H]1[C@H]([C@@H]2[C@H](O1)OC(O2)(C)C)O)(C)C.CN1CCCN2CCCN=C12.c1cc(ccc1S(=O)(=O)F)Cl,0
O1C(O[C@H](C1)[C@@H]1[C@H]([C@@H]2[C@H](O1)OC(O2)(C)C)O)(C)C.CN1CCCN2CCCN=C12.c1ccnc(c1)S(=O)(=O)F,0
O1C(O[C@H](C1)[C@@H]1[C@H]([C@@H]2[C@H](O1)OC(O2)(C)C)O)(C)C.CN1CCCN2CCCN=C12.c1cc(ccc1C(F)(F)F)S(=O)(=O)F,0
O1C(O[C@H](C1)[C@@H]1[C@H]([C@@H]2[C@H](O1)OC(O2)(C)C)O)(C)C.CN1CCCN2CCCN=C12.c1cc(ccc1[N+](=O)[O-])S(=O)(=O)F,0
O1C(O[C@H](C1)[C@@H]1[C@H]([C@@H]2[C@H](O1)OC(O2)(C)C)O)(C)C.CN1CCCN2CCCN=C12.C(C(C(F)(F)S(=O)(=O)F)(F)F)(C(F)(F)F)(F)F,80
O1C(O[C@H](C1)[C@@H]1[C@H]([C@@H]2[C@H](O1)OC(O2)(C)C)O)(C)C.CC(C)(C)N=C(N(C)C)N(C)C.c1cc(ccc1S(=O)(=O)F)Cl,0
O1C(O[C@H](C1)[C@@H]1[C@H]([C@@H]2[C@H](O1)OC(O2)(C)C)O)(C)C.CC(C)(C)N=C(N(C)C)N(C)C.c1ccnc(c1)S(=O)(=O)F,0
O1C(O[C@H](C1)[C@@H]1[C@H]([C@@H]2[C@H](O1)OC(O2)(C)C)O)(C)C.CC(C)(C)N=C(N(C)C)N(C)C.c1cc(ccc1C(F)(F)F)S(=O)(=O)F,0
O1C(O[C@H](C1)[C@@H]1[C@H]([C@@H]2[C@H](O1)OC(O2)(C)C)O)(C)C.CC(C)(C)N=C(N(C)C)N(C)C.c1cc(ccc1[N+](=O)[O-])S(=O)(=O)F,0
O1C(O[C@H](C1)[C@@H]1[C@H]([C@@H]2[C@H](O1)OC(O2)(C)C)O)(C)C.CC(C)(C)N=C(N(C)C)N(C)C.C(C(C(F)(F)S(=O)(=O)F)(F)F)(C(F)(F)F)(F)F,70
O1C(O[C@H](C1)[C@@H]1[C@H]([C@@H]2[C@H](O1)OC(O2)(C)C)O)(C)C.CC(C)(C)N=P(N1CCCC1)(N2CCCC2)N3CCCC3.c1cc(ccc1S(=O)(=O)F)Cl,0
O1C(O[C@H](C1)[C@@H]1[C@H]([C@@H]2[C@H](O1)OC(O2)(C)C)O)(C)C.CC(C)(C)N=P(N1CCCC1)(N2CCCC2)N3CCCC3.c1ccnc(c1)S(=O)(=O)F,0
O1C(O[C@H](C1)[C@@H]1[C@H]([C@@H]2[C@H](O1)OC(O2)(C)C)O)(C)C.CC(C)(C)N=P(N1CCCC1)(N2CCCC2)N3CCCC3.c1cc(ccc1C(F)(F)F)S(=O)(=O)F,0
O1C(O[C@H](C1)[C@@H]1[C@H]([C@@H]2[C@H](O1)OC(O2)(C)C)O)(C)C.CC(C)(C)N=P(N1CCCC1)(N2CCCC2)N3CCCC3.c1cc(ccc1[N+](=O)[O-])S(=O)(=O)F,0
O1C(O[C@H](C1)[C@@H]1[C@H]([C@@H]2[C@H](O1)OC(O2)(C)C)O)(C)C.CC(C)(C)N=P(N1CCCC1)(N2CCCC2)N3CCCC3.C(C(C(F)(F)S(=O)(=O)F)(F)F)(C(F)(F)F)(F)F,70
O1C[C@@H]([C@@H]2[C@H]1[C@@H](CO2)O)OC(=O)C.C1CCC2=NCCCN2CC1.c1cc(ccc1S(=O)(=O)F)Cl,0
O1C[C@@H]([C@@H]2[C@H]1[C@@H](CO2)O)OC(=O)C.C1CCC2=NCCCN2CC1.c1ccnc(c1)S(=O)(=O)F,1
O1C[C@@H]([C@@H]2[C@H]1[C@@H](CO2)O)OC(=O)C.C1CCC2=NCCCN2CC1.c1cc(ccc1C(F)(F)F)S(=O)(=O)F,3
O1C[C@@H]([C@@H]2[C@H]1[C@@H](CO2)O)OC(=O)C.C1CCC2=NCCCN2CC1.c1cc(ccc1[N+](=O)[O-])S(=O)(=O)F,7
O1C[C@@H]([C@@H]2[C@H]1[C@@H](CO2)O)OC(=O)C.C1CCC2=NCCCN2CC1.C(C(C(F)(F)S(=O)(=O)F)(F)F)(C(F)(F)F)(F)F,91
O1C[C@@H]([C@@H]2[C@H]1[C@@H](CO2)O)OC(=O)C.CN1CCCN2CCCN=C12.c1cc(ccc1S(=O)(=O)F)Cl,2
O1C[C@@H]([C@@H]2[C@H]1[C@@H](CO2)O)OC(=O)C.CN1CCCN2CCCN=C12.c1ccnc(c1)S(=O)(=O)F,3
O1C[C@@H]([C@@H]2[C@H]1[C@@H](CO2)O)OC(=O)C.CN1CCCN2CCCN=C12.c1cc(ccc1C(F)(F)F)S(=O)(=O)F,7
O1C[C@@H]([C@@H]2[C@H]1[C@@H](CO2)O)OC(=O)C.CN1CCCN2CCCN=C12.c1cc(ccc1[N+](=O)[O-])S(=O)(=O)F,14
O1C[C@@H]([C@@H]2[C@H]1[C@@H](CO2)O)OC(=O)C.CN1CCCN2CCCN=C12.C(C(C(F)(F)S(=O)(=O)F)(F)F)(C(F)(F)F)(F)F,105
O1C[C@@H]([C@@H]2[C@H]1[C@@H](CO2)O)OC(=O)C.CC(C)(C)N=C(N(C)C)N(C)C.c1cc(ccc1S(=O)(=O)F)Cl,2
O1C[C@@H]([C@@H]2[C@H]1[C@@H](CO2)O)OC(=O)C.CC(C)(C)N=C(N(C)C)N(C)C.c1ccnc(c1)S(=O)(=O)F,2
O1C[C@@H]([C@@H]2[C@H]1[C@@H](CO2)O)OC(=O)C.CC(C)(C)N=C(N(C)C)N(C)C.c1cc(ccc1C(F)(F)F)S(=O)(=O)F,6
O1C[C@@H]([C@@H]2[C@H]1[C@@H](CO2)O)OC(=O)C.CC(C)(C)N=C(N(C)C)N(C)C.c1cc(ccc1[N+](=O)[O-])S(=O)(=O)F,12
O1C[C@@H]([C@@H]2[C@H]1[C@@H](CO2)O)OC(=O)C.CC(C)(C)N=C(N(C)C)N(C)C.C(C(C(F)(F)S(=O)(=O)F)(F)F)(C(F)(F)F)(F)F,97
O1C[C@@H]([C@@H]2[C@H]1[C@@H](CO2)O)OC(=O)C.CC(C)(C)N=P(N1CCCC1)(N2CCCC2)N3CCCC3.c1cc(ccc1S(=O)(=O)F)Cl,8
O1C[C@@H]([C@@H]2[C@H]1[C@@H](CO2)O)OC(=O)C.CC(C)(C)N=P(N1CCCC1)(N2CCCC2)N3CCCC3.c1ccnc(c1)S(=O)(=O)F,5
O1C[C@@H]([C@@H]2[C@H]1[C@@H](CO2)O)OC(=O)C.CC(C)(C)N=P(N1CCCC1)(N2CCCC2)N3CCCC3.c1cc(ccc1C(F)(F)F)S(=O)(=O)F,23
O1C[C@@H]([C@@H]2[C@H]1[C@@H](CO2)O)OC(=O)C.CC(C)(C)N=P(N1CCCC1)(N2CCCC2)N3CCCC3.c1cc(ccc1[N+](=O)[O-])S(=O)(=O)F,30
O1C[C@@H]([C@@H]2[C@H]1[C@@H](CO2)O)OC(=O)C.CC(C)(C)N=P(N1CCCC1)(N2CCCC2)N3CCCC3.C(C(C(F)(F)S(=O)(=O)F)(F)F)(C(F)(F)F)(F)F,106
c1ccc2c(c1)C(=O)N(C2=O)C1CC[C@H](CC1)O.C1CCC2=NCCCN2CC1.c1cc(ccc1S(=O)(=O)F)Cl,1
c1ccc2c(c1)C(=O)N(C2=O)C1CC[C@H](CC1)O.C1CCC2=NCCCN2CC1.c1ccnc(c1)S(=O)(=O)F,1
c1ccc2c(c1)C(=O)N(C2=O)C1CC[C@H](CC1)O.C1CCC2=NCCCN2CC1.c1cc(ccc1C(F)(F)F)S(=O)(=O)F,5
c1ccc2c(c1)C(=O)N(C2=O)C1CC[C@H](CC1)O.C1CCC2=NCCCN2CC1.c1cc(ccc1[N+](=O)[O-])S(=O)(=O)F,12
c1ccc2c(c1)C(=O)N(C2=O)C1CC[C@H](CC1)O.C1CCC2=NCCCN2CC1.C(C(C(F)(F)S(=O)(=O)F)(F)F)(C(F)(F)F)(F)F,40
c1ccc2c(c1)C(=O)N(C2=O)C1CC[C@H](CC1)O.CN1CCCN2CCCN=C12.c1cc(ccc1S(=O)(=O)F)Cl,2
c1ccc2c(c1)C(=O)N(C2=O)C1CC[C@H](CC1)O.CN1CCCN2CCCN=C12.c1ccnc(c1)S(=O)(=O)F,3
c1ccc2c(c1)C(=O)N(C2=O)C1CC[C@H](CC1)O.CN1CCCN2CCCN=C12.c1cc(ccc1C(F)(F)F)S(=O)(=O)F,6
c1ccc2c(c1)C(=O)N(C2=O)C1CC[C@H](CC1)O.CN1CCCN2CCCN=C12.c1cc(ccc1[N+](=O)[O-])S(=O)(=O)F,12
c1ccc2c(c1)C(=O)N(C2=O)C1CC[C@H](CC1)O.CN1CCCN2CCCN=C12.C(C(C(F)(F)S(=O)(=O)F)(F)F)(C(F)(F)F)(F)F,48
c1ccc2c(c1)C(=O)N(C2=O)C1CC[C@H](CC1)O.CC(C)(C)N=C(N(C)C)N(C)C.c1cc(ccc1S(=O)(=O)F)Cl,2
c1ccc2c(c1)C(=O)N(C2=O)C1CC[C@H](CC1)O.CC(C)(C)N=C(N(C)C)N(C)C.c1ccnc(c1)S(=O)(=O)F,2
c1ccc2c(c1)C(=O)N(C2=O)C1CC[C@H](CC1)O.CC(C)(C)N=C(N(C)C)N(C)C.c1cc(ccc1C(F)(F)F)S(=O)(=O)F,5
c1ccc2c(c1)C(=O)N(C2=O)C1CC[C@H](CC1)O.CC(C)(C)N=C(N(C)C)N(C)C.c1cc(ccc1[N+](=O)[O-])S(=O)(=O)F,11
c1ccc2c(c1)C(=O)N(C2=O)C1CC[C@H](CC1)O.CC(C)(C)N=C(N(C)C)N(C)C.C(C(C(F)(F)S(=O)(=O)F)(F)F)(C(F)(F)F)(F)F,50
c1ccc2c(c1)C(=O)N(C2=O)C1CC[C@H](CC1)O.CC(C)(C)N=P(N1CCCC1)(N2CCCC2)N3CCCC3.c1cc(ccc1S(=O)(=O)F)Cl,2
c1ccc2c(c1)C(=O)N(C2=O)C1CC[C@H](CC1)O.CC(C)(C)N=P(N1CCCC1)(N2CCCC2)N3CCCC3.c1ccnc(c1)S(=O)(=O)F,2
c1ccc2c(c1)C(=O)N(C2=O)C1CC[C@H](CC1)O.CC(C)(C)N=P(N1CCCC1)(N2CCCC2)N3CCCC3.c1cc(ccc1C(F)(F)F)S(=O)(=O)F,9
c1ccc2c(c1)C(=O)N(C2=O)C1CC[C@H](CC1)O.CC(C)(C)N=P(N1CCCC1)(N2CCCC2)N3CCCC3.c1cc(ccc1[N+](=O)[O-])S(=O)(=O)F,11
c1ccc2c(c1)C(=O)N(C2=O)C1CC[C@H](CC1)O.CC(C)(C)N=P(N1CCCC1)(N2CCCC2)N3CCCC3.C(C(C(F)(F)S(=O)(=O)F)(F)F)(C(F)(F)F)(F)F,45
c1ccc2c(c1)C(=O)N(C2=O)C1CC[C@@H](CC1)O.C1CCC2=NCCCN2CC1.c1cc(ccc1S(=O)(=O)F)Cl,4
c1ccc2c(c1)C(=O)N(C2=O)C1CC[C@@H](CC1)O.C1CCC2=NCCCN2CC1.c1ccnc(c1)S(=O)(=O)F,6
c1ccc2c(c1)C(=O)N(C2=O)C1CC[C@@H](CC1)O.C1CCC2=NCCCN2CC1.c1cc(ccc1C(F)(F)F)S(=O)(=O)F,7
c1ccc2c(c1)C(=O)N(C2=O)C1CC[C@@H](CC1)O.C1CCC2=NCCCN2CC1.c1cc(ccc1[N+](=O)[O-])S(=O)(=O)F,7
c1ccc2c(c1)C(=O)N(C2=O)C1CC[C@@H](CC1)O.C1CCC2=NCCCN2CC1.C(C(C(F)(F)S(=O)(=O)F)(F)F)(C(F)(F)F)(F)F,8
c1ccc2c(c1)C(=O)N(C2=O)C1CC[C@@H](CC1)O.CN1CCCN2CCCN=C12.c1cc(ccc1S(=O)(=O)F)Cl,5
c1ccc2c(c1)C(=O)N(C2=O)C1CC[C@@H](CC1)O.CN1CCCN2CCCN=C12.c1ccnc(c1)S(=O)(=O)F,7
c1ccc2c(c1)C(=O)N(C2=O)C1CC[C@@H](CC1)O.CN1CCCN2CCCN=C12.c1cc(ccc1C(F)(F)F)S(=O)(=O)F,9
c1ccc2c(c1)C(=O)N(C2=O)C1CC[C@@H](CC1)O.CN1CCCN2CCCN=C12.c1cc(ccc1[N+](=O)[O-])S(=O)(=O)F,7
c1ccc2c(c1)C(=O)N(C2=O)C1CC[C@@H](CC1)O.CN1CCCN2CCCN=C12.C(C(C(F)(F)S(=O)(=O)F)(F)F)(C(F)(F)F)(F)F,11
c1ccc2c(c1)C(=O)N(C2=O)C1CC[C@@H](CC1)O.CC(C)(C)N=C(N(C)C)N(C)C.c1cc(ccc1S(=O)(=O)F)Cl,1
c1ccc2c(c1)C(=O)N(C2=O)C1CC[C@@H](CC1)O.CC(C)(C)N=C(N(C)C)N(C)C.c1ccnc(c1)S(=O)(=O)F,4
c1ccc2c(c1)C(=O)N(C2=O)C1CC[C@@H](CC1)O.CC(C)(C)N=C(N(C)C)N(C)C.c1cc(ccc1C(F)(F)F)S(=O)(=O)F,6
c1ccc2c(c1)C(=O)N(C2=O)C1CC[C@@H](CC1)O.CC(C)(C)N=C(N(C)C)N(C)C.c1cc(ccc1[N+](=O)[O-])S(=O)(=O)F,6
c1ccc2c(c1)C(=O)N(C2=O)C1CC[C@@H](CC1)O.CC(C)(C)N=C(N(C)C)N(C)C.C(C(C(F)(F)S(=O)(=O)F)(F)F)(C(F)(F)F)(F)F,12
c1ccc2c(c1)C(=O)N(C2=O)C1CC[C@@H](CC1)O.CC(C)(C)N=P(N1CCCC1)(N2CCCC2)N3CCCC3.c1cc(ccc1S(=O)(=O)F)Cl,2
c1ccc2c(c1)C(=O)N(C2=O)C1CC[C@@H](CC1)O.CC(C)(C)N=P(N1CCCC1)(N2CCCC2)N3CCCC3.c1ccnc(c1)S(=O)(=O)F,3
c1ccc2c(c1)C(=O)N(C2=O)C1CC[C@@H](CC1)O.CC(C)(C)N=P(N1CCCC1)(N2CCCC2)N3CCCC3.c1cc(ccc1C(F)(F)F)S(=O)(=O)F,6
c1ccc2c(c1)C(=O)N(C2=O)C1CC[C@@H](CC1)O.CC(C)(C)N=P(N1CCCC1)(N2CCCC2)N3CCCC3.c1cc(ccc1[N+](=O)[O-])S(=O)(=O)F,5
c1ccc2c(c1)C(=O)N(C2=O)C1CC[C@@H](CC1)O.CC(C)(C)N=P(N1CCCC1)(N2CCCC2)N3CCCC3.C(C(C(F)(F)S(=O)(=O)F)(F)F)(C(F)(F)F)(F)F,13
C1C2C[C@H](CC(C1)N2C(=O)OC(C)(C)C)O.C1CCC2=NCCCN2CC1.c1cc(ccc1S(=O)(=O)F)Cl,17
C1C2C[C@H](CC(C1)N2C(=O)OC(C)(C)C)O.C1CCC2=NCCCN2CC1.c1ccnc(c1)S(=O)(=O)F,35
C1C2C[C@H](CC(C1)N2C(=O)OC(C)(C)C)O.C1CCC2=NCCCN2CC1.c1cc(ccc1C(F)(F)F)S(=O)(=O)F,38
C1C2C[C@H](CC(C1)N2C(=O)OC(C)(C)C)O.C1CCC2=NCCCN2CC1.c1cc(ccc1[N+](=O)[O-])S(=O)(=O)F,40
C1C2C[C@H](CC(C1)N2C(=O)OC(C)(C)C)O.C1CCC2=NCCCN2CC1.C(C(C(F)(F)S(=O)(=O)F)(F)F)(C(F)(F)F)(F)F,23
C1C2C[C@H](CC(C1)N2C(=O)OC(C)(C)C)O.CN1CCCN2CCCN=C12.c1cc(ccc1S(=O)(=O)F)Cl,18
C1C2C[C@H](CC(C1)N2C(=O)OC(C)(C)C)O.CN1CCCN2CCCN=C12.c1ccnc(c1)S(=O)(=O)F,26
C1C2C[C@H](CC(C1)N2C(=O)OC(C)(C)C)O.CN1CCCN2CCCN=C12.c1cc(ccc1C(F)(F)F)S(=O)(=O)F,39
C1C2C[C@H](CC(C1)N2C(=O)OC(C)(C)C)O.CN1CCCN2CCCN=C12.c1cc(ccc1[N+](=O)[O-])S(=O)(=O)F,41
C1C2C[C@H](CC(C1)N2C(=O)OC(C)(C)C)O.CN1CCCN2CCCN=C12.C(C(C(F)(F)S(=O)(=O)F)(F)F)(C(F)(F)F)(F)F,44
C1C2C[C@H](CC(C1)N2C(=O)OC(C)(C)C)O.CC(C)(C)N=C(N(C)C)N(C)C.c1cc(ccc1S(=O)(=O)F)Cl,1
C1C2C[C@H](CC(C1)N2C(=O)OC(C)(C)C)O.CC(C)(C)N=C(N(C)C)N(C)C.c1ccnc(c1)S(=O)(=O)F,20
C1C2C[C@H](CC(C1)N2C(=O)OC(C)(C)C)O.CC(C)(C)N=C(N(C)C)N(C)C.c1cc(ccc1C(F)(F)F)S(=O)(=O)F,26
C1C2C[C@H](CC(C1)N2C(=O)OC(C)(C)C)O.CC(C)(C)N=C(N(C)C)N(C)C.c1cc(ccc1[N+](=O)[O-])S(=O)(=O)F,38
C1C2C[C@H](CC(C1)N2C(=O)OC(C)(C)C)O.CC(C)(C)N=C(N(C)C)N(C)C.C(C(C(F)(F)S(=O)(=O)F)(F)F)(C(F)(F)F)(F)F,52
C1C2C[C@H](CC(C1)N2C(=O)OC(C)(C)C)O.CC(C)(C)N=P(N1CCCC1)(N2CCCC2)N3CCCC3.c1cc(ccc1S(=O)(=O)F)Cl,11
C1C2C[C@H](CC(C1)N2C(=O)OC(C)(C)C)O.CC(C)(C)N=P(N1CCCC1)(N2CCCC2)N3CCCC3.c1ccnc(c1)S(=O)(=O)F,24
C1C2C[C@H](CC(C1)N2C(=O)OC(C)(C)C)O.CC(C)(C)N=P(N1CCCC1)(N2CCCC2)N3CCCC3.c1cc(ccc1C(F)(F)F)S(=O)(=O)F,32
C1C2C[C@H](CC(C1)N2C(=O)OC(C)(C)C)O.CC(C)(C)N=P(N1CCCC1)(N2CCCC2)N3CCCC3.c1cc(ccc1[N+](=O)[O-])S(=O)(=O)F,28
C1C2C[C@H](CC(C1)N2C(=O)OC(C)(C)C)O.CC(C)(C)N=P(N1CCCC1)(N2CCCC2)N3CCCC3.C(C(C(F)(F)S(=O)(=O)F)(F)F)(C(F)(F)F)(F)F,50
c1c(ccc(c1)CO)c1ccccc1.C1CCC2=NCCCN2CC1.c1cc(ccc1S(=O)(=O)F)Cl,11
c1c(ccc(c1)CO)c1ccccc1.C1CCC2=NCCCN2CC1.c1ccnc(c1)S(=O)(=O)F,12
c1c(ccc(c1)CO)c1ccccc1.C1CCC2=NCCCN2CC1.c1cc(ccc1C(F)(F)F)S(=O)(=O)F,17
c1c(ccc(c1)CO)c1ccccc1.C1CCC2=NCCCN2CC1.c1cc(ccc1[N+](=O)[O-])S(=O)(=O)F,21
c1c(ccc(c1)CO)c1ccccc1.C1CCC2=NCCCN2CC1.C(C(C(F)(F)S(=O)(=O)F)(F)F)(C(F)(F)F)(F)F,23
c1c(ccc(c1)CO)c1ccccc1.CN1CCCN2CCCN=C12.c1cc(ccc1S(=O)(=O)F)Cl,36
c1c(ccc(c1)CO)c1ccccc1.CN1CCCN2CCCN=C12.c1ccnc(c1)S(=O)(=O)F,26
c1c(ccc(c1)CO)c1ccccc1.CN1CCCN2CCCN=C12.c1cc(ccc1C(F)(F)F)S(=O)(=O)F,36
c1c(ccc(c1)CO)c1ccccc1.CN1CCCN2CCCN=C12.c1cc(ccc1[N+](=O)[O-])S(=O)(=O)F,41
c1c(ccc(c1)CO)c1ccccc1.CN1CCCN2CCCN=C12.C(C(C(F)(F)S(=O)(=O)F)(F)F)(C(F)(F)F)(F)F,37
c1c(ccc(c1)CO)c1ccccc1.CC(C)(C)N=C(N(C)C)N(C)C.c1cc(ccc1S(=O)(=O)F)Cl,83
c1c(ccc(c1)CO)c1ccccc1.CC(C)(C)N=C(N(C)C)N(C)C.c1ccnc(c1)S(=O)(=O)F,57
c1c(ccc(c1)CO)c1ccccc1.CC(C)(C)N=C(N(C)C)N(C)C.c1cc(ccc1C(F)(F)F)S(=O)(=O)F,83
c1c(ccc(c1)CO)c1ccccc1.CC(C)(C)N=C(N(C)C)N(C)C.c1cc(ccc1[N+](=O)[O-])S(=O)(=O)F,83
c1c(ccc(c1)CO)c1ccccc1.CC(C)(C)N=C(N(C)C)N(C)C.C(C(C(F)(F)S(=O)(=O)F)(F)F)(C(F)(F)F)(F)F,48
c1c(ccc(c1)CO)c1ccccc1.CC(C)(C)N=P(N1CCCC1)(N2CCCC2)N3CCCC3.c1cc(ccc1S(=O)(=O)F)Cl,92
c1c(ccc(c1)CO)c1ccccc1.CC(C)(C)N=P(N1CCCC1)(N2CCCC2)N3CCCC3.c1ccnc(c1)S(=O)(=O)F,77
c1c(ccc(c1)CO)c1ccccc1.CC(C)(C)N=P(N1CCCC1)(N2CCCC2)N3CCCC3.c1cc(ccc1C(F)(F)F)S(=O)(=O)F,99
c1c(ccc(c1)CO)c1ccccc1.CC(C)(C)N=P(N1CCCC1)(N2CCCC2)N3CCCC3.c1cc(ccc1[N+](=O)[O-])S(=O)(=O)F,91
c1c(ccc(c1)CO)c1ccccc1.CC(C)(C)N=P(N1CCCC1)(N2CCCC2)N3CCCC3.C(C(C(F)(F)S(=O)(=O)F)(F)F)(C(F)(F)F)(F)F,68
c1c(ccc(c1)CO)S(=O)(=O)N(CCC)CCC.C1CCC2=NCCCN2CC1.c1cc(ccc1S(=O)(=O)F)Cl,18
c1c(ccc(c1)CO)S(=O)(=O)N(CCC)CCC.C1CCC2=NCCCN2CC1.c1ccnc(c1)S(=O)(=O)F,17
c1c(ccc(c1)CO)S(=O)(=O)N(CCC)CCC.C1CCC2=NCCCN2CC1.c1cc(ccc1C(F)(F)F)S(=O)(=O)F,9
c1c(ccc(c1)CO)S(=O)(=O)N(CCC)CCC.C1CCC2=NCCCN2CC1.c1cc(ccc1[N+](=O)[O-])S(=O)(=O)F,28
c1c(ccc(c1)CO)S(=O)(=O)N(CCC)CCC.C1CCC2=NCCCN2CC1.C(C(C(F)(F)S(=O)(=O)F)(F)F)(C(F)(F)F)(F)F,29
c1c(ccc(c1)CO)S(=O)(=O)N(CCC)CCC.CN1CCCN2CCCN=C12.c1cc(ccc1S(=O)(=O)F)Cl,36
c1c(ccc(c1)CO)S(=O)(=O)N(CCC)CCC.CN1CCCN2CCCN=C12.c1ccnc(c1)S(=O)(=O)F,41
c1c(ccc(c1)CO)S(=O)(=O)N(CCC)CCC.CN1CCCN2CCCN=C12.c1cc(ccc1C(F)(F)F)S(=O)(=O)F,38
c1c(ccc(c1)CO)S(=O)(=O)N(CCC)CCC.CN1CCCN2CCCN=C12.c1cc(ccc1[N+](=O)[O-])S(=O)(=O)F,42
c1c(ccc(c1)CO)S(=O)(=O)N(CCC)CCC.CN1CCCN2CCCN=C12.C(C(C(F)(F)S(=O)(=O)F)(F)F)(C(F)(F)F)(F)F,44
c1c(ccc(c1)CO)S(=O)(=O)N(CCC)CCC.CC(C)(C)N=C(N(C)C)N(C)C.c1cc(ccc1S(=O)(=O)F)Cl,79
c1c(ccc(c1)CO)S(=O)(=O)N(CCC)CCC.CC(C)(C)N=C(N(C)C)N(C)C.c1ccnc(c1)S(=O)(=O)F,74
c1c(ccc(c1)CO)S(=O)(=O)N(CCC)CCC.CC(C)(C)N=C(N(C)C)N(C)C.c1cc(ccc1C(F)(F)F)S(=O)(=O)F,85
c1c(ccc(c1)CO)S(=O)(=O)N(CCC)CCC.CC(C)(C)N=C(N(C)C)N(C)C.c1cc(ccc1[N+](=O)[O-])S(=O)(=O)F,84
c1c(ccc(c1)CO)S(=O)(=O)N(CCC)CCC.CC(C)(C)N=C(N(C)C)N(C)C.C(C(C(F)(F)S(=O)(=O)F)(F)F)(C(F)(F)F)(F)F,66
c1c(ccc(c1)CO)S(=O)(=O)N(CCC)CCC.CC(C)(C)N=P(N1CCCC1)(N2CCCC2)N3CCCC3.c1cc(ccc1S(=O)(=O)F)Cl,90
c1c(ccc(c1)CO)S(=O)(=O)N(CCC)CCC.CC(C)(C)N=P(N1CCCC1)(N2CCCC2)N3CCCC3.c1ccnc(c1)S(=O)(=O)F,85
c1c(ccc(c1)CO)S(=O)(=O)N(CCC)CCC.CC(C)(C)N=P(N1CCCC1)(N2CCCC2)N3CCCC3.c1cc(ccc1C(F)(F)F)S(=O)(=O)F,97
c1c(ccc(c1)CO)S(=O)(=O)N(CCC)CCC.CC(C)(C)N=P(N1CCCC1)(N2CCCC2)N3CCCC3.c1cc(ccc1[N+](=O)[O-])S(=O)(=O)F,89
c1c(ccc(c1)CO)S(=O)(=O)N(CCC)CCC.CC(C)(C)N=P(N1CCCC1)(N2CCCC2)N3CCCC3.C(C(C(F)(F)S(=O)(=O)F)(F)F)(C(F)(F)F)(F)F,68
c1cccc(c1c1nnnn1C(c1ccccc1)(c1ccccc1)c1ccccc1)c1ccc(cc1)Cn1c(c(nc1CCCC)Cl)CO.C1CCC2=NCCCN2CC1.c1cc(ccc1S(=O)(=O)F)Cl,33
c1cccc(c1c1nnnn1C(c1ccccc1)(c1ccccc1)c1ccccc1)c1ccc(cc1)Cn1c(c(nc1CCCC)Cl)CO.C1CCC2=NCCCN2CC1.c1ccnc(c1)S(=O)(=O)F,8
c1cccc(c1c1nnnn1C(c1ccccc1)(c1ccccc1)c1ccccc1)c1ccc(cc1)Cn1c(c(nc1CCCC)Cl)CO.C1CCC2=NCCCN2CC1.c1cc(ccc1C(F)(F)F)S(=O)(=O)F,36
c1cccc(c1c1nnnn1C(c1ccccc1)(c1ccccc1)c1ccccc1)c1ccc(cc1)Cn1c(c(nc1CCCC)Cl)CO.C1CCC2=NCCCN2CC1.c1cc(ccc1[N+](=O)[O-])S(=O)(=O)F,37
c1cccc(c1c1nnnn1C(c1ccccc1)(c1ccccc1)c1ccccc1)c1ccc(cc1)Cn1c(c(nc1CCCC)Cl)CO.C1CCC2=NCCCN2CC1.C(C(C(F)(F)S(=O)(=O)F)(F)F)(C(F)(F)F)(F)F,33
c1cccc(c1c1nnnn1C(c1ccccc1)(c1ccccc1)c1ccccc1)c1ccc(cc1)Cn1c(c(nc1CCCC)Cl)CO.CN1CCCN2CCCN=C12.c1cc(ccc1S(=O)(=O)F)Cl,38
c1cccc(c1c1nnnn1C(c1ccccc1)(c1ccccc1)c1ccccc1)c1ccc(cc1)Cn1c(c(nc1CCCC)Cl)CO.CN1CCCN2CCCN=C12.c1ccnc(c1)S(=O)(=O)F,9
c1cccc(c1c1nnnn1C(c1ccccc1)(c1ccccc1)c1ccccc1)c1ccc(cc1)Cn1c(c(nc1CCCC)Cl)CO.CN1CCCN2CCCN=C12.c1cc(ccc1C(F)(F)F)S(=O)(=O)F,38
c1cccc(c1c1nnnn1C(c1ccccc1)(c1ccccc1)c1ccccc1)c1ccc(cc1)Cn1c(c(nc1CCCC)Cl)CO.CN1CCCN2CCCN=C12.c1cc(ccc1[N+](=O)[O-])S(=O)(=O)F,40
c1cccc(c1c1nnnn1C(c1ccccc1)(c1ccccc1)c1ccccc1)c1ccc(cc1)Cn1c(c(nc1CCCC)Cl)CO.CN1CCCN2CCCN=C12.C(C(C(F)(F)S(=O)(=O)F)(F)F)(C(F)(F)F)(F)F,39
c1cccc(c1c1nnnn1C(c1ccccc1)(c1ccccc1)c1ccccc1)c1ccc(cc1)Cn1c(c(nc1CCCC)Cl)CO.CC(C)(C)N=C(N(C)C)N(C)C.c1cc(ccc1S(=O)(=O)F)Cl,45
c1cccc(c1c1nnnn1C(c1ccccc1)(c1ccccc1)c1ccccc1)c1ccc(cc1)Cn1c(c(nc1CCCC)Cl)CO.CC(C)(C)N=C(N(C)C)N(C)C.c1ccnc(c1)S(=O)(=O)F,7
c1cccc(c1c1nnnn1C(c1ccccc1)(c1ccccc1)c1ccccc1)c1ccc(cc1)Cn1c(c(nc1CCCC)Cl)CO.CC(C)(C)N=C(N(C)C)N(C)C.c1cc(ccc1C(F)(F)F)S(=O)(=O)F,44
c1cccc(c1c1nnnn1C(c1ccccc1)(c1ccccc1)c1ccccc1)c1ccc(cc1)Cn1c(c(nc1CCCC)Cl)CO.CC(C)(C)N=C(N(C)C)N(C)C.c1cc(ccc1[N+](=O)[O-])S(=O)(=O)F,49
c1cccc(c1c1nnnn1C(c1ccccc1)(c1ccccc1)c1ccccc1)c1ccc(cc1)Cn1c(c(nc1CCCC)Cl)CO.CC(C)(C)N=C(N(C)C)N(C)C.C(C(C(F)(F)S(=O)(=O)F)(F)F)(C(F)(F)F)(F)F,39
c1cccc(c1c1nnnn1C(c1ccccc1)(c1ccccc1)c1ccccc1)c1ccc(cc1)Cn1c(c(nc1CCCC)Cl)CO.CC(C)(C)N=P(N1CCCC1)(N2CCCC2)N3CCCC3.c1cc(ccc1S(=O)(=O)F)Cl,47
c1cccc(c1c1nnnn1C(c1ccccc1)(c1ccccc1)c1ccccc1)c1ccc(cc1)Cn1c(c(nc1CCCC)Cl)CO.CC(C)(C)N=P(N1CCCC1)(N2CCCC2)N3CCCC3.c1ccnc(c1)S(=O)(=O)F,5
c1cccc(c1c1nnnn1C(c1ccccc1)(c1ccccc1)c1ccccc1)c1ccc(cc1)Cn1c(c(nc1CCCC)Cl)CO.CC(C)(C)N=P(N1CCCC1)(N2CCCC2)N3CCCC3.c1cc(ccc1C(F)(F)F)S(=O)(=O)F,44
c1cccc(c1c1nnnn1C(c1ccccc1)(c1ccccc1)c1ccccc1)c1ccc(cc1)Cn1c(c(nc1CCCC)Cl)CO.CC(C)(C)N=P(N1CCCC1)(N2CCCC2)N3CCCC3.c1cc(ccc1[N+](=O)[O-])S(=O)(=O)F,48
c1cccc(c1c1nnnn1C(c1ccccc1)(c1ccccc1)c1ccccc1)c1ccc(cc1)Cn1c(c(nc1CCCC)Cl)CO.CC(C)(C)N=P(N1CCCC1)(N2CCCC2)N3CCCC3.C(C(C(F)(F)S(=O)(=O)F)(F)F)(C(F)(F)F)(F)F,47
n1c(cc(n1CO)C)C.C1CCC2=NCCCN2CC1.c1cc(ccc1S(=O)(=O)F)Cl,38
n1c(cc(n1CO)C)C.C1CCC2=NCCCN2CC1.c1ccnc(c1)S(=O)(=O)F,30
n1c(cc(n1CO)C)C.C1CCC2=NCCCN2CC1.c1cc(ccc1C(F)(F)F)S(=O)(=O)F,43
n1c(cc(n1CO)C)C.C1CCC2=NCCCN2CC1.c1cc(ccc1[N+](=O)[O-])S(=O)(=O)F,46
n1c(cc(n1CO)C)C.C1CCC2=NCCCN2CC1.C(C(C(F)(F)S(=O)(=O)F)(F)F)(C(F)(F)F)(F)F,47
n1c(cc(n1CO)C)C.CN1CCCN2CCCN=C12.c1cc(ccc1S(=O)(=O)F)Cl,59
n1c(cc(n1CO)C)C.CN1CCCN2CCCN=C12.c1ccnc(c1)S(=O)(=O)F,41
n1c(cc(n1CO)C)C.CN1CCCN2CCCN=C12.c1cc(ccc1C(F)(F)F)S(=O)(=O)F,58
n1c(cc(n1CO)C)C.CN1CCCN2CCCN=C12.c1cc(ccc1[N+](=O)[O-])S(=O)(=O)F,55
n1c(cc(n1CO)C)C.CN1CCCN2CCCN=C12.C(C(C(F)(F)S(=O)(=O)F)(F)F)(C(F)(F)F)(F)F,55
n1c(cc(n1CO)C)C.CC(C)(C)N=C(N(C)C)N(C)C.c1cc(ccc1S(=O)(=O)F)Cl,62
n1c(cc(n1CO)C)C.CC(C)(C)N=C(N(C)C)N(C)C.c1ccnc(c1)S(=O)(=O)F,37
n1c(cc(n1CO)C)C.CC(C)(C)N=C(N(C)C)N(C)C.c1cc(ccc1C(F)(F)F)S(=O)(=O)F,59
n1c(cc(n1CO)C)C.CC(C)(C)N=C(N(C)C)N(C)C.c1cc(ccc1[N+](=O)[O-])S(=O)(=O)F,59
n1c(cc(n1CO)C)C.CC(C)(C)N=C(N(C)C)N(C)C.C(C(C(F)(F)S(=O)(=O)F)(F)F)(C(F)(F)F)(F)F,52
n1c(cc(n1CO)C)C.CC(C)(C)N=P(N1CCCC1)(N2CCCC2)N3CCCC3.c1cc(ccc1S(=O)(=O)F)Cl,66
n1c(cc(n1CO)C)C.CC(C)(C)N=P(N1CCCC1)(N2CCCC2)N3CCCC3.c1ccnc(c1)S(=O)(=O)F,34
n1c(cc(n1CO)C)C.CC(C)(C)N=P(N1CCCC1)(N2CCCC2)N3CCCC3.c1cc(ccc1C(F)(F)F)S(=O)(=O)F,65
n1c(cc(n1CO)C)C.CC(C)(C)N=P(N1CCCC1)(N2CCCC2)N3CCCC3.c1cc(ccc1[N+](=O)[O-])S(=O)(=O)F,60
n1c(cc(n1CO)C)C.CC(C)(C)N=P(N1CCCC1)(N2CCCC2)N3CCCC3.C(C(C(F)(F)S(=O)(=O)F)(F)F)(C(F)(F)F)(F)F,57
c1(c(cc(c(c1)C(C)O)[N+](=O)[O-])OCCCC(=O)OC)OC.C1CCC2=NCCCN2CC1.c1cc(ccc1S(=O)(=O)F)Cl,28
c1(c(cc(c(c1)C(C)O)[N+](=O)[O-])OCCCC(=O)OC)OC.C1CCC2=NCCCN2CC1.c1ccnc(c1)S(=O)(=O)F,29
c1(c(cc(c(c1)C(C)O)[N+](=O)[O-])OCCCC(=O)OC)OC.C1CCC2=NCCCN2CC1.c1cc(ccc1C(F)(F)F)S(=O)(=O)F,40
c1(c(cc(c(c1)C(C)O)[N+](=O)[O-])OCCCC(=O)OC)OC.C1CCC2=NCCCN2CC1.c1cc(ccc1[N+](=O)[O-])S(=O)(=O)F,38
c1(c(cc(c(c1)C(C)O)[N+](=O)[O-])OCCCC(=O)OC)OC.C1CCC2=NCCCN2CC1.C(C(C(F)(F)S(=O)(=O)F)(F)F)(C(F)(F)F)(F)F,25
c1(c(cc(c(c1)C(C)O)[N+](=O)[O-])OCCCC(=O)OC)OC.CN1CCCN2CCCN=C12.c1cc(ccc1S(=O)(=O)F)Cl,38
c1(c(cc(c(c1)C(C)O)[N+](=O)[O-])OCCCC(=O)OC)OC.CN1CCCN2CCCN=C12.c1ccnc(c1)S(=O)(=O)F,34
c1(c(cc(c(c1)C(C)O)[N+](=O)[O-])OCCCC(=O)OC)OC.CN1CCCN2CCCN=C12.c1cc(ccc1C(F)(F)F)S(=O)(=O)F,47
c1(c(cc(c(c1)C(C)O)[N+](=O)[O-])OCCCC(=O)OC)OC.CN1CCCN2CCCN=C12.c1cc(ccc1[N+](=O)[O-])S(=O)(=O)F,46
c1(c(cc(c(c1)C(C)O)[N+](=O)[O-])OCCCC(=O)OC)OC.CN1CCCN2CCCN=C12.C(C(C(F)(F)S(=O)(=O)F)(F)F)(C(F)(F)F)(F)F,18
c1(c(cc(c(c1)C(C)O)[N+](=O)[O-])OCCCC(=O)OC)OC.CC(C)(C)N=C(N(C)C)N(C)C.c1cc(ccc1S(=O)(=O)F)Cl,49
c1(c(cc(c(c1)C(C)O)[N+](=O)[O-])OCCCC(=O)OC)OC.CC(C)(C)N=C(N(C)C)N(C)C.c1ccnc(c1)S(=O)(=O)F,31
c1(c(cc(c(c1)C(C)O)[N+](=O)[O-])OCCCC(=O)OC)OC.CC(C)(C)N=C(N(C)C)N(C)C.c1cc(ccc1C(F)(F)F)S(=O)(=O)F,57
c1(c(cc(c(c1)C(C)O)[N+](=O)[O-])OCCCC(=O)OC)OC.CC(C)(C)N=C(N(C)C)N(C)C.c1cc(ccc1[N+](=O)[O-])S(=O)(=O)F,52
c1(c(cc(c(c1)C(C)O)[N+](=O)[O-])OCCCC(=O)OC)OC.CC(C)(C)N=C(N(C)C)N(C)C.C(C(C(F)(F)S(=O)(=O)F)(F)F)(C(F)(F)F)(F)F,18
c1(c(cc(c(c1)C(C)O)[N+](=O)[O-])OCCCC(=O)OC)OC.CC(C)(C)N=P(N1CCCC1)(N2CCCC2)N3CCCC3.c1cc(ccc1S(=O)(=O)F)Cl,41
c1(c(cc(c(c1)C(C)O)[N+](=O)[O-])OCCCC(=O)OC)OC.CC(C)(C)N=P(N1CCCC1)(N2CCCC2)N3CCCC3.c1ccnc(c1)S(=O)(=O)F,24
c1(c(cc(c(c1)C(C)O)[N+](=O)[O-])OCCCC(=O)OC)OC.CC(C)(C)N=P(N1CCCC1)(N2CCCC2)N3CCCC3.c1cc(ccc1C(F)(F)F)S(=O)(=O)F,52
c1(c(cc(c(c1)C(C)O)[N+](=O)[O-])OCCCC(=O)OC)OC.CC(C)(C)N=P(N1CCCC1)(N2CCCC2)N3CCCC3.c1cc(ccc1[N+](=O)[O-])S(=O)(=O)F,42
c1(c(cc(c(c1)C(C)O)[N+](=O)[O-])OCCCC(=O)OC)OC.CC(C)(C)N=P(N1CCCC1)(N2CCCC2)N3CCCC3.C(C(C(F)(F)S(=O)(=O)F)(F)F)(C(F)(F)F)(F)F,9
C1N(CCC1)[C@H]([C@@H](c1ccccc1)O)C.C1CCC2=NCCCN2CC1.c1cc(ccc1S(=O)(=O)F)Cl,23
C1N(CCC1)[C@H]([C@@H](c1ccccc1)O)C.C1CCC2=NCCCN2CC1.c1ccnc(c1)S(=O)(=O)F,42
C1N(CCC1)[C@H]([C@@H](c1ccccc1)O)C.C1CCC2=NCCCN2CC1.c1cc(ccc1C(F)(F)F)S(=O)(=O)F,19
C1N(CCC1)[C@H]([C@@H](c1ccccc1)O)C.C1CCC2=NCCCN2CC1.c1cc(ccc1[N+](=O)[O-])S(=O)(=O)F,34
C1N(CCC1)[C@H]([C@@H](c1ccccc1)O)C.C1CCC2=NCCCN2CC1.C(C(C(F)(F)S(=O)(=O)F)(F)F)(C(F)(F)F)(F)F,35
C1N(CCC1)[C@H]([C@@H](c1ccccc1)O)C.CN1CCCN2CCCN=C12.c1cc(ccc1S(=O)(=O)F)Cl,48
C1N(CCC1)[C@H]([C@@H](c1ccccc1)O)C.CN1CCCN2CCCN=C12.c1ccnc(c1)S(=O)(=O)F,59
C1N(CCC1)[C@H]([C@@H](c1ccccc1)O)C.CN1CCCN2CCCN=C12.c1cc(ccc1C(F)(F)F)S(=O)(=O)F,60
C1N(CCC1)[C@H]([C@@H](c1ccccc1)O)C.CN1CCCN2CCCN=C12.c1cc(ccc1[N+](=O)[O-])S(=O)(=O)F,63
C1N(CCC1)[C@H]([C@@H](c1ccccc1)O)C.CN1CCCN2CCCN=C12.C(C(C(F)(F)S(=O)(=O)F)(F)F)(C(F)(F)F)(F)F,63
C1N(CCC1)[C@H]([C@@H](c1ccccc1)O)C.CC(C)(C)N=C(N(C)C)N(C)C.c1cc(ccc1S(=O)(=O)F)Cl,10
C1N(CCC1)[C@H]([C@@H](c1ccccc1)O)C.CC(C)(C)N=C(N(C)C)N(C)C.c1ccnc(c1)S(=O)(=O)F,36
C1N(CCC1)[C@H]([C@@H](c1ccccc1)O)C.CC(C)(C)N=C(N(C)C)N(C)C.c1cc(ccc1C(F)(F)F)S(=O)(=O)F,41
C1N(CCC1)[C@H]([C@@H](c1ccccc1)O)C.CC(C)(C)N=C(N(C)C)N(C)C.c1cc(ccc1[N+](=O)[O-])S(=O)(=O)F,58
C1N(CCC1)[C@H]([C@@H](c1ccccc1)O)C.CC(C)(C)N=C(N(C)C)N(C)C.C(C(C(F)(F)S(=O)(=O)F)(F)F)(C(F)(F)F)(F)F,65
C1N(CCC1)[C@H]([C@@H](c1ccccc1)O)C.CC(C)(C)N=P(N1CCCC1)(N2CCCC2)N3CCCC3.c1cc(ccc1S(=O)(=O)F)Cl,18
C1N(CCC1)[C@H]([C@@H](c1ccccc1)O)C.CC(C)(C)N=P(N1CCCC1)(N2CCCC2)N3CCCC3.c1ccnc(c1)S(=O)(=O)F,43
C1N(CCC1)[C@H]([C@@H](c1ccccc1)O)C.CC(C)(C)N=P(N1CCCC1)(N2CCCC2)N3CCCC3.c1cc(ccc1C(F)(F)F)S(=O)(=O)F,55
C1N(CCC1)[C@H]([C@@H](c1ccccc1)O)C.CC(C)(C)N=P(N1CCCC1)(N2CCCC2)N3CCCC3.c1cc(ccc1[N+](=O)[O-])S(=O)(=O)F,35
C1N(CCC1)[C@H]([C@@H](c1ccccc1)O)C.CC(C)(C)N=P(N1CCCC1)(N2CCCC2)N3CCCC3.C(C(C(F)(F)S(=O)(=O)F)(F)F)(C(F)(F)F)(F)F,82
OC/C=C(/CC/C=C(\C)/CCC=C(C)C)\C.C1CCC2=NCCCN2CC1.c1cc(ccc1S(=O)(=O)F)Cl,6
OC/C=C(/CC/C=C(\C)/CCC=C(C)C)\C.C1CCC2=NCCCN2CC1.c1ccnc(c1)S(=O)(=O)F,6
OC/C=C(/CC/C=C(\C)/CCC=C(C)C)\C.C1CCC2=NCCCN2CC1.c1cc(ccc1C(F)(F)F)S(=O)(=O)F,8
OC/C=C(/CC/C=C(\C)/CCC=C(C)C)\C.C1CCC2=NCCCN2CC1.c1cc(ccc1[N+](=O)[O-])S(=O)(=O)F,11
OC/C=C(/CC/C=C(\C)/CCC=C(C)C)\C.C1CCC2=NCCCN2CC1.C(C(C(F)(F)S(=O)(=O)F)(F)F)(C(F)(F)F)(F)F,15
OC/C=C(/CC/C=C(\C)/CCC=C(C)C)\C.CN1CCCN2CCCN=C12.c1cc(ccc1S(=O)(=O)F)Cl,21
OC/C=C(/CC/C=C(\C)/CCC=C(C)C)\C.CN1CCCN2CCCN=C12.c1ccnc(c1)S(=O)(=O)F,16
OC/C=C(/CC/C=C(\C)/CCC=C(C)C)\C.CN1CCCN2CCCN=C12.c1cc(ccc1C(F)(F)F)S(=O)(=O)F,23
OC/C=C(/CC/C=C(\C)/CCC=C(C)C)\C.CN1CCCN2CCCN=C12.c1cc(ccc1[N+](=O)[O-])S(=O)(=O)F,22
OC/C=C(/CC/C=C(\C)/CCC=C(C)C)\C.CN1CCCN2CCCN=C12.C(C(C(F)(F)S(=O)(=O)F)(F)F)(C(F)(F)F)(F)F,25
OC/C=C(/CC/C=C(\C)/CCC=C(C)C)\C.CC(C)(C)N=C(N(C)C)N(C)C.c1cc(ccc1S(=O)(=O)F)Cl,33
OC/C=C(/CC/C=C(\C)/CCC=C(C)C)\C.CC(C)(C)N=C(N(C)C)N(C)C.c1ccnc(c1)S(=O)(=O)F,24
OC/C=C(/CC/C=C(\C)/CCC=C(C)C)\C.CC(C)(C)N=C(N(C)C)N(C)C.c1cc(ccc1C(F)(F)F)S(=O)(=O)F,34
OC/C=C(/CC/C=C(\C)/CCC=C(C)C)\C.CC(C)(C)N=C(N(C)C)N(C)C.c1cc(ccc1[N+](=O)[O-])S(=O)(=O)F,28
OC/C=C(/CC/C=C(\C)/CCC=C(C)C)\C.CC(C)(C)N=C(N(C)C)N(C)C.C(C(C(F)(F)S(=O)(=O)F)(F)F)(C(F)(F)F)(F)F,25
OC/C=C(/CC/C=C(\C)/CCC=C(C)C)\C.CC(C)(C)N=P(N1CCCC1)(N2CCCC2)N3CCCC3.c1cc(ccc1S(=O)(=O)F)Cl,52
OC/C=C(/CC/C=C(\C)/CCC=C(C)C)\C.CC(C)(C)N=P(N1CCCC1)(N2CCCC2)N3CCCC3.c1ccnc(c1)S(=O)(=O)F,36
OC/C=C(/CC/C=C(\C)/CCC=C(C)C)\C.CC(C)(C)N=P(N1CCCC1)(N2CCCC2)N3CCCC3.c1cc(ccc1C(F)(F)F)S(=O)(=O)F,52
OC/C=C(/CC/C=C(\C)/CCC=C(C)C)\C.CC(C)(C)N=P(N1CCCC1)(N2CCCC2)N3CCCC3.c1cc(ccc1[N+](=O)[O-])S(=O)(=O)F,39
OC/C=C(/CC/C=C(\C)/CCC=C(C)C)\C.CC(C)(C)N=P(N1CCCC1)(N2CCCC2)N3CCCC3.C(C(C(F)(F)S(=O)(=O)F)(F)F)(C(F)(F)F)(F)F,32
C=CC(CCCCCCC)O.C1CCC2=NCCCN2CC1.c1cc(ccc1S(=O)(=O)F)Cl,22
C=CC(CCCCCCC)O.C1CCC2=NCCCN2CC1.c1ccnc(c1)S(=O)(=O)F,12
C=CC(CCCCCCC)O.C1CCC2=NCCCN2CC1.c1cc(ccc1C(F)(F)F)S(=O)(=O)F,23
C=CC(CCCCCCC)O.C1CCC2=NCCCN2CC1.c1cc(ccc1[N+](=O)[O-])S(=O)(=O)F,22
C=CC(CCCCCCC)O.C1CCC2=NCCCN2CC1.C(C(C(F)(F)S(=O)(=O)F)(F)F)(C(F)(F)F)(F)F,13
C=CC(CCCCCCC)O.CN1CCCN2CCCN=C12.c1cc(ccc1S(=O)(=O)F)Cl,30
C=CC(CCCCCCC)O.CN1CCCN2CCCN=C12.c1ccnc(c1)S(=O)(=O)F,13
C=CC(CCCCCCC)O.CN1CCCN2CCCN=C12.c1cc(ccc1C(F)(F)F)S(=O)(=O)F,32
C=CC(CCCCCCC)O.CN1CCCN2CCCN=C12.c1cc(ccc1[N+](=O)[O-])S(=O)(=O)F,27
C=CC(CCCCCCC)O.CN1CCCN2CCCN=C12.C(C(C(F)(F)S(=O)(=O)F)(F)F)(C(F)(F)F)(F)F,15
C=CC(CCCCCCC)O.CC(C)(C)N=C(N(C)C)N(C)C.c1cc(ccc1S(=O)(=O)F)Cl,30
C=CC(CCCCCCC)O.CC(C)(C)N=C(N(C)C)N(C)C.c1ccnc(c1)S(=O)(=O)F,9
C=CC(CCCCCCC)O.CC(C)(C)N=C(N(C)C)N(C)C.c1cc(ccc1C(F)(F)F)S(=O)(=O)F,32
C=CC(CCCCCCC)O.CC(C)(C)N=C(N(C)C)N(C)C.c1cc(ccc1[N+](=O)[O-])S(=O)(=O)F,28
C=CC(CCCCCCC)O.CC(C)(C)N=C(N(C)C)N(C)C.C(C(C(F)(F)S(=O)(=O)F)(F)F)(C(F)(F)F)(F)F,13
C=CC(CCCCCCC)O.CC(C)(C)N=P(N1CCCC1)(N2CCCC2)N3CCCC3.c1cc(ccc1S(=O)(=O)F)Cl,28
C=CC(CCCCCCC)O.CC(C)(C)N=P(N1CCCC1)(N2CCCC2)N3CCCC3.c1ccnc(c1)S(=O)(=O)F,9
C=CC(CCCCCCC)O.CC(C)(C)N=P(N1CCCC1)(N2CCCC2)N3CCCC3.c1cc(ccc1C(F)(F)F)S(=O)(=O)F,36
C=CC(CCCCCCC)O.CC(C)(C)N=P(N1CCCC1)(N2CCCC2)N3CCCC3.c1cc(ccc1[N+](=O)[O-])S(=O)(=O)F,30
C=CC(CCCCCCC)O.CC(C)(C)N=P(N1CCCC1)(N2CCCC2)N3CCCC3.C(C(C(F)(F)S(=O)(=O)F)(F)F)(C(F)(F)F)(F)F,16
C=CC(CCC=C(C)C)(O)C.C1CCC2=NCCCN2CC1.c1cc(ccc1S(=O)(=O)F)Cl,0
C=CC(CCC=C(C)C)(O)C.C1CCC2=NCCCN2CC1.c1ccnc(c1)S(=O)(=O)F,1
C=CC(CCC=C(C)C)(O)C.C1CCC2=NCCCN2CC1.c1cc(ccc1C(F)(F)F)S(=O)(=O)F,1
C=CC(CCC=C(C)C)(O)C.C1CCC2=NCCCN2CC1.c1cc(ccc1[N+](=O)[O-])S(=O)(=O)F,2
C=CC(CCC=C(C)C)(O)C.C1CCC2=NCCCN2CC1.C(C(C(F)(F)S(=O)(=O)F)(F)F)(C(F)(F)F)(F)F,6
C=CC(CCC=C(C)C)(O)C.CN1CCCN2CCCN=C12.c1cc(ccc1S(=O)(=O)F)Cl,0
C=CC(CCC=C(C)C)(O)C.CN1CCCN2CCCN=C12.c1ccnc(c1)S(=O)(=O)F,1
C=CC(CCC=C(C)C)(O)C.CN1CCCN2CCCN=C12.c1cc(ccc1C(F)(F)F)S(=O)(=O)F,1
C=CC(CCC=C(C)C)(O)C.CN1CCCN2CCCN=C12.c1cc(ccc1[N+](=O)[O-])S(=O)(=O)F,2
C=CC(CCC=C(C)C)(O)C.CN1CCCN2CCCN=C12.C(C(C(F)(F)S(=O)(=O)F)(F)F)(C(F)(F)F)(F)F,9
C=CC(CCC=C(C)C)(O)C.CC(C)(C)N=C(N(C)C)N(C)C.c1cc(ccc1S(=O)(=O)F)Cl,0
C=CC(CCC=C(C)C)(O)C.CC(C)(C)N=C(N(C)C)N(C)C.c1ccnc(c1)S(=O)(=O)F,0
C=CC(CCC=C(C)C)(O)C.CC(C)(C)N=C(N(C)C)N(C)C.c1cc(ccc1C(F)(F)F)S(=O)(=O)F,0
C=CC(CCC=C(C)C)(O)C.CC(C)(C)N=C(N(C)C)N(C)C.c1cc(ccc1[N+](=O)[O-])S(=O)(=O)F,0
C=CC(CCC=C(C)C)(O)C.CC(C)(C)N=C(N(C)C)N(C)C.C(C(C(F)(F)S(=O)(=O)F)(F)F)(C(F)(F)F)(F)F,7
C=CC(CCC=C(C)C)(O)C.CC(C)(C)N=P(N1CCCC1)(N2CCCC2)N3CCCC3.c1cc(ccc1S(=O)(=O)F)Cl,0
C=CC(CCC=C(C)C)(O)C.CC(C)(C)N=P(N1CCCC1)(N2CCCC2)N3CCCC3.c1ccnc(c1)S(=O)(=O)F,0
C=CC(CCC=C(C)C)(O)C.CC(C)(C)N=P(N1CCCC1)(N2CCCC2)N3CCCC3.c1cc(ccc1C(F)(F)F)S(=O)(=O)F,0
C=CC(CCC=C(C)C)(O)C.CC(C)(C)N=P(N1CCCC1)(N2CCCC2)N3CCCC3.c1cc(ccc1[N+](=O)[O-])S(=O)(=O)F,0
C=CC(CCC=C(C)C)(O)C.CC(C)(C)N=P(N1CCCC1)(N2CCCC2)N3CCCC3.C(C(C(F)(F)S(=O)(=O)F)(F)F)(C(F)(F)F)(F)F,10
c1(ccc2c(c1)c(c(n2C(=O)c1ccc(cc1)Cl)C)CCO)OC.C1CCC2=NCCCN2CC1.c1cc(ccc1S(=O)(=O)F)Cl,46
c1(ccc2c(c1)c(c(n2C(=O)c1ccc(cc1)Cl)C)CCO)OC.C1CCC2=NCCCN2CC1.c1ccnc(c1)S(=O)(=O)F,55
c1(ccc2c(c1)c(c(n2C(=O)c1ccc(cc1)Cl)C)CCO)OC.C1CCC2=NCCCN2CC1.c1cc(ccc1C(F)(F)F)S(=O)(=O)F,62
c1(ccc2c(c1)c(c(n2C(=O)c1ccc(cc1)Cl)C)CCO)OC.C1CCC2=NCCCN2CC1.c1cc(ccc1[N+](=O)[O-])S(=O)(=O)F,60
c1(ccc2c(c1)c(c(n2C(=O)c1ccc(cc1)Cl)C)CCO)OC.C1CCC2=NCCCN2CC1.C(C(C(F)(F)S(=O)(=O)F)(F)F)(C(F)(F)F)(F)F,52
c1(ccc2c(c1)c(c(n2C(=O)c1ccc(cc1)Cl)C)CCO)OC.CN1CCCN2CCCN=C12.c1cc(ccc1S(=O)(=O)F)Cl,75
c1(ccc2c(c1)c(c(n2C(=O)c1ccc(cc1)Cl)C)CCO)OC.CN1CCCN2CCCN=C12.c1ccnc(c1)S(=O)(=O)F,79
c1(ccc2c(c1)c(c(n2C(=O)c1ccc(cc1)Cl)C)CCO)OC.CN1CCCN2CCCN=C12.c1cc(ccc1C(F)(F)F)S(=O)(=O)F,86
c1(ccc2c(c1)c(c(n2C(=O)c1ccc(cc1)Cl)C)CCO)OC.CN1CCCN2CCCN=C12.c1cc(ccc1[N+](=O)[O-])S(=O)(=O)F,82
c1(ccc2c(c1)c(c(n2C(=O)c1ccc(cc1)Cl)C)CCO)OC.CN1CCCN2CCCN=C12.C(C(C(F)(F)S(=O)(=O)F)(F)F)(C(F)(F)F)(F)F,77
c1(ccc2c(c1)c(c(n2C(=O)c1ccc(cc1)Cl)C)CCO)OC.CC(C)(C)N=C(N(C)C)N(C)C.c1cc(ccc1S(=O)(=O)F)Cl,74
c1(ccc2c(c1)c(c(n2C(=O)c1ccc(cc1)Cl)C)CCO)OC.CC(C)(C)N=C(N(C)C)N(C)C.c1ccnc(c1)S(=O)(=O)F,79
c1(ccc2c(c1)c(c(n2C(=O)c1ccc(cc1)Cl)C)CCO)OC.CC(C)(C)N=C(N(C)C)N(C)C.c1cc(ccc1C(F)(F)F)S(=O)(=O)F,84
c1(ccc2c(c1)c(c(n2C(=O)c1ccc(cc1)Cl)C)CCO)OC.CC(C)(C)N=C(N(C)C)N(C)C.c1cc(ccc1[N+](=O)[O-])S(=O)(=O)F,86
c1(ccc2c(c1)c(c(n2C(=O)c1ccc(cc1)Cl)C)CCO)OC.CC(C)(C)N=C(N(C)C)N(C)C.C(C(C(F)(F)S(=O)(=O)F)(F)F)(C(F)(F)F)(F)F,78
c1(ccc2c(c1)c(c(n2C(=O)c1ccc(cc1)Cl)C)CCO)OC.CC(C)(C)N=P(N1CCCC1)(N2CCCC2)N3CCCC3.c1cc(ccc1S(=O)(=O)F)Cl,71
c1(ccc2c(c1)c(c(n2C(=O)c1ccc(cc1)Cl)C)CCO)OC.CC(C)(C)N=P(N1CCCC1)(N2CCCC2)N3CCCC3.c1ccnc(c1)S(=O)(=O)F,77
c1(ccc2c(c1)c(c(n2C(=O)c1ccc(cc1)Cl)C)CCO)OC.CC(C)(C)N=P(N1CCCC1)(N2CCCC2)N3CCCC3.c1cc(ccc1C(F)(F)F)S(=O)(=O)F,82
c1(ccc2c(c1)c(c(n2C(=O)c1ccc(cc1)Cl)C)CCO)OC.CC(C)(C)N=P(N1CCCC1)(N2CCCC2)N3CCCC3.c1cc(ccc1[N+](=O)[O-])S(=O)(=O)F,74
c1(ccc2c(c1)c(c(n2C(=O)c1ccc(cc1)Cl)C)CCO)OC.CC(C)(C)N=P(N1CCCC1)(N2CCCC2)N3CCCC3.C(C(C(F)(F)S(=O)(=O)F)(F)F)(C(F)(F)F)(F)F,83
c1(ncc(n1CCO)[N+](=O)[O-])C.C1CCC2=NCCCN2CC1.c1cc(ccc1S(=O)(=O)F)Cl,25
c1(ncc(n1CCO)[N+](=O)[O-])C.C1CCC2=NCCCN2CC1.c1ccnc(c1)S(=O)(=O)F,30
c1(ncc(n1CCO)[N+](=O)[O-])C.C1CCC2=NCCCN2CC1.c1cc(ccc1C(F)(F)F)S(=O)(=O)F,37
c1(ncc(n1CCO)[N+](=O)[O-])C.C1CCC2=NCCCN2CC1.c1cc(ccc1[N+](=O)[O-])S(=O)(=O)F,17
c1(ncc(n1CCO)[N+](=O)[O-])C.C1CCC2=NCCCN2CC1.C(C(C(F)(F)S(=O)(=O)F)(F)F)(C(F)(F)F)(F)F,71
c1(ncc(n1CCO)[N+](=O)[O-])C.CN1CCCN2CCCN=C12.c1cc(ccc1S(=O)(=O)F)Cl,32
c1(ncc(n1CCO)[N+](=O)[O-])C.CN1CCCN2CCCN=C12.c1ccnc(c1)S(=O)(=O)F,38
c1(ncc(n1CCO)[N+](=O)[O-])C.CN1CCCN2CCCN=C12.c1cc(ccc1C(F)(F)F)S(=O)(=O)F,37
c1(ncc(n1CCO)[N+](=O)[O-])C.CN1CCCN2CCCN=C12.c1cc(ccc1[N+](=O)[O-])S(=O)(=O)F,44
c1(ncc(n1CCO)[N+](=O)[O-])C.CN1CCCN2CCCN=C12.C(C(C(F)(F)S(=O)(=O)F)(F)F)(C(F)(F)F)(F)F,79
c1(ncc(n1CCO)[N+](=O)[O-])C.CC(C)(C)N=C(N(C)C)N(C)C.c1cc(ccc1S(=O)(=O)F)Cl,38
c1(ncc(n1CCO)[N+](=O)[O-])C.CC(C)(C)N=C(N(C)C)N(C)C.c1ccnc(c1)S(=O)(=O)F,42
c1(ncc(n1CCO)[N+](=O)[O-])C.CC(C)(C)N=C(N(C)C)N(C)C.c1cc(ccc1C(F)(F)F)S(=O)(=O)F,47
c1(ncc(n1CCO)[N+](=O)[O-])C.CC(C)(C)N=C(N(C)C)N(C)C.c1cc(ccc1[N+](=O)[O-])S(=O)(=O)F,49
c1(ncc(n1CCO)[N+](=O)[O-])C.CC(C)(C)N=C(N(C)C)N(C)C.C(C(C(F)(F)S(=O)(=O)F)(F)F)(C(F)(F)F)(F)F,87
c1(ncc(n1CCO)[N+](=O)[O-])C.CC(C)(C)N=P(N1CCCC1)(N2CCCC2)N3CCCC3.c1cc(ccc1S(=O)(=O)F)Cl,23
c1(ncc(n1CCO)[N+](=O)[O-])C.CC(C)(C)N=P(N1CCCC1)(N2CCCC2)N3CCCC3.c1ccnc(c1)S(=O)(=O)F,28
c1(ncc(n1CCO)[N+](=O)[O-])C.CC(C)(C)N=P(N1CCCC1)(N2CCCC2)N3CCCC3.c1cc(ccc1C(F)(F)F)S(=O)(=O)F,28
c1(ncc(n1CCO)[N+](=O)[O-])C.CC(C)(C)N=P(N1CCCC1)(N2CCCC2)N3CCCC3.c1cc(ccc1[N+](=O)[O-])S(=O)(=O)F,29
c1(ncc(n1CCO)[N+](=O)[O-])C.CC(C)(C)N=P(N1CCCC1)(N2CCCC2)N3CCCC3.C(C(C(F)(F)S(=O)(=O)F)(F)F)(C(F)(F)F)(F)F,51
C1[C@@H](CC2=CC[C@@H]3[C@@H]([C@]2(C1)C)CC[C@]1([C@H]3CC=C1c1cnccc1)C)O.C1CCC2=NCCCN2CC1.c1cc(ccc1S(=O)(=O)F)Cl,0
C1[C@@H](CC2=CC[C@@H]3[C@@H]([C@]2(C1)C)CC[C@]1([C@H]3CC=C1c1cnccc1)C)O.C1CCC2=NCCCN2CC1.c1ccnc(c1)S(=O)(=O)F,0
C1[C@@H](CC2=CC[C@@H]3[C@@H]([C@]2(C1)C)CC[C@]1([C@H]3CC=C1c1cnccc1)C)O.C1CCC2=NCCCN2CC1.c1cc(ccc1C(F)(F)F)S(=O)(=O)F,2
C1[C@@H](CC2=CC[C@@H]3[C@@H]([C@]2(C1)C)CC[C@]1([C@H]3CC=C1c1cnccc1)C)O.C1CCC2=NCCCN2CC1.c1cc(ccc1[N+](=O)[O-])S(=O)(=O)F,5
C1[C@@H](CC2=CC[C@@H]3[C@@H]([C@]2(C1)C)CC[C@]1([C@H]3CC=C1c1cnccc1)C)O.C1CCC2=NCCCN2CC1.C(C(C(F)(F)S(=O)(=O)F)(F)F)(C(F)(F)F)(F)F,13
C1[C@@H](CC2=CC[C@@H]3[C@@H]([C@]2(C1)C)CC[C@]1([C@H]3CC=C1c1cnccc1)C)O.CN1CCCN2CCCN=C12.c1cc(ccc1S(=O)(=O)F)Cl,0
C1[C@@H](CC2=CC[C@@H]3[C@@H]([C@]2(C1)C)CC[C@]1([C@H]3CC=C1c1cnccc1)C)O.CN1CCCN2CCCN=C12.c1ccnc(c1)S(=O)(=O)F,0
C1[C@@H](CC2=CC[C@@H]3[C@@H]([C@]2(C1)C)CC[C@]1([C@H]3CC=C1c1cnccc1)C)O.CN1CCCN2CCCN=C12.c1cc(ccc1C(F)(F)F)S(=O)(=O)F,1
C1[C@@H](CC2=CC[C@@H]3[C@@H]([C@]2(C1)C)CC[C@]1([C@H]3CC=C1c1cnccc1)C)O.CN1CCCN2CCCN=C12.c1cc(ccc1[N+](=O)[O-])S(=O)(=O)F,5
C1[C@@H](CC2=CC[C@@H]3[C@@H]([C@]2(C1)C)CC[C@]1([C@H]3CC=C1c1cnccc1)C)O.CN1CCCN2CCCN=C12.C(C(C(F)(F)S(=O)(=O)F)(F)F)(C(F)(F)F)(F)F,13
C1[C@@H](CC2=CC[C@@H]3[C@@H]([C@]2(C1)C)CC[C@]1([C@H]3CC=C1c1cnccc1)C)O.CC(C)(C)N=C(N(C)C)N(C)C.c1cc(ccc1S(=O)(=O)F)Cl,0
C1[C@@H](CC2=CC[C@@H]3[C@@H]([C@]2(C1)C)CC[C@]1([C@H]3CC=C1c1cnccc1)C)O.CC(C)(C)N=C(N(C)C)N(C)C.c1ccnc(c1)S(=O)(=O)F,0
C1[C@@H](CC2=CC[C@@H]3[C@@H]([C@]2(C1)C)CC[C@]1([C@H]3CC=C1c1cnccc1)C)O.CC(C)(C)N=C(N(C)C)N(C)C.c1cc(ccc1C(F)(F)F)S(=O)(=O)F,1
C1[C@@H](CC2=CC[C@@H]3[C@@H]([C@]2(C1)C)CC[C@]1([C@H]3CC=C1c1cnccc1)C)O.CC(C)(C)N=C(N(C)C)N(C)C.c1cc(ccc1[N+](=O)[O-])S(=O)(=O)F,3
C1[C@@H](CC2=CC[C@@H]3[C@@H]([C@]2(C1)C)CC[C@]1([C@H]3CC=C1c1cnccc1)C)O.CC(C)(C)N=C(N(C)C)N(C)C.C(C(C(F)(F)S(=O)(=O)F)(F)F)(C(F)(F)F)(F)F,9
C1[C@@H](CC2=CC[C@@H]3[C@@H]([C@]2(C1)C)CC[C@]1([C@H]3CC=C1c1cnccc1)C)O.CC(C)(C)N=P(N1CCCC1)(N2CCCC2)N3CCCC3.c1cc(ccc1S(=O)(=O)F)Cl,0
C1[C@@H](CC2=CC[C@@H]3[C@@H]([C@]2(C1)C)CC[C@]1([C@H]3CC=C1c1cnccc1)C)O.CC(C)(C)N=P(N1CCCC1)(N2CCCC2)N3CCCC3.c1ccnc(c1)S(=O)(=O)F,0
C1[C@@H](CC2=CC[C@@H]3[C@@H]([C@]2(C1)C)CC[C@]1([C@H]3CC=C1c1cnccc1)C)O.CC(C)(C)N=P(N1CCCC1)(N2CCCC2)N3CCCC3.c1cc(ccc1C(F)(F)F)S(=O)(=O)F,0
C1[C@@H](CC2=CC[C@@H]3[C@@H]([C@]2(C1)C)CC[C@]1([C@H]3CC=C1c1cnccc1)C)O.CC(C)(C)N=P(N1CCCC1)(N2CCCC2)N3CCCC3.c1cc(ccc1[N+](=O)[O-])S(=O)(=O)F,2
C1[C@@H](CC2=CC[C@@H]3[C@@H]([C@]2(C1)C)CC[C@]1([C@H]3CC=C1c1cnccc1)C)O.CC(C)(C)N=P(N1CCCC1)(N2CCCC2)N3CCCC3.C(C(C(F)(F)S(=O)(=O)F)(F)F)(C(F)(F)F)(F)F,7
O1CCC(C1=O)O.C1CCC2=NCCCN2CC1.c1cc(ccc1S(=O)(=O)F)Cl,58
O1CCC(C1=O)O.C1CCC2=NCCCN2CC1.c1ccnc(c1)S(=O)(=O)F,63
O1CCC(C1=O)O.C1CCC2=NCCCN2CC1.c1cc(ccc1C(F)(F)F)S(=O)(=O)F,55
O1CCC(C1=O)O.C1CCC2=NCCCN2CC1.c1cc(ccc1[N+](=O)[O-])S(=O)(=O)F,40
O1CCC(C1=O)O.C1CCC2=NCCCN2CC1.C(C(C(F)(F)S(=O)(=O)F)(F)F)(C(F)(F)F)(F)F,74
O1CCC(C1=O)O.CN1CCCN2CCCN=C12.c1cc(ccc1S(=O)(=O)F)Cl,63
O1CCC(C1=O)O.CN1CCCN2CCCN=C12.c1ccnc(c1)S(=O)(=O)F,72
O1CCC(C1=O)O.CN1CCCN2CCCN=C12.c1cc(ccc1C(F)(F)F)S(=O)(=O)F,64
O1CCC(C1=O)O.CN1CCCN2CCCN=C12.c1cc(ccc1[N+](=O)[O-])S(=O)(=O)F,37
O1CCC(C1=O)O.CN1CCCN2CCCN=C12.C(C(C(F)(F)S(=O)(=O)F)(F)F)(C(F)(F)F)(F)F,92
O1CCC(C1=O)O.CC(C)(C)N=C(N(C)C)N(C)C.c1cc(ccc1S(=O)(=O)F)Cl,79
O1CCC(C1=O)O.CC(C)(C)N=C(N(C)C)N(C)C.c1ccnc(c1)S(=O)(=O)F,80
O1CCC(C1=O)O.CC(C)(C)N=C(N(C)C)N(C)C.c1cc(ccc1C(F)(F)F)S(=O)(=O)F,81
O1CCC(C1=O)O.CC(C)(C)N=C(N(C)C)N(C)C.c1cc(ccc1[N+](=O)[O-])S(=O)(=O)F,43
O1CCC(C1=O)O.CC(C)(C)N=C(N(C)C)N(C)C.C(C(C(F)(F)S(=O)(=O)F)(F)F)(C(F)(F)F)(F)F,84
O1CCC(C1=O)O.CC(C)(C)N=P(N1CCCC1)(N2CCCC2)N3CCCC3.c1cc(ccc1S(=O)(=O)F)Cl,75
O1CCC(C1=O)O.CC(C)(C)N=P(N1CCCC1)(N2CCCC2)N3CCCC3.c1ccnc(c1)S(=O)(=O)F,65
O1CCC(C1=O)O.CC(C)(C)N=P(N1CCCC1)(N2CCCC2)N3CCCC3.c1cc(ccc1C(F)(F)F)S(=O)(=O)F,49
O1CCC(C1=O)O.CC(C)(C)N=P(N1CCCC1)(N2CCCC2)N3CCCC3.c1cc(ccc1[N+](=O)[O-])S(=O)(=O)F,44
O1CCC(C1=O)O.CC(C)(C)N=P(N1CCCC1)(N2CCCC2)N3CCCC3.C(C(C(F)(F)S(=O)(=O)F)(F)F)(C(F)(F)F)(F)F,79
C1=C[C@]2(C(=CC1=O)CC[C@@H]1[C@@H]2C(=O)C[C@]2([C@H]1CC[C@@]2(C(=O)CO)O)C)C.C1CCC2=NCCCN2CC1.c1cc(ccc1S(=O)(=O)F)Cl,32
C1=C[C@]2(C(=CC1=O)CC[C@@H]1[C@@H]2C(=O)C[C@]2([C@H]1CC[C@@]2(C(=O)CO)O)C)C.C1CCC2=NCCCN2CC1.c1ccnc(c1)S(=O)(=O)F,49
C1=C[C@]2(C(=CC1=O)CC[C@@H]1[C@@H]2C(=O)C[C@]2([C@H]1CC[C@@]2(C(=O)CO)O)C)C.C1CCC2=NCCCN2CC1.c1cc(ccc1C(F)(F)F)S(=O)(=O)F,40
C1=C[C@]2(C(=CC1=O)CC[C@@H]1[C@@H]2C(=O)C[C@]2([C@H]1CC[C@@]2(C(=O)CO)O)C)C.C1CCC2=NCCCN2CC1.c1cc(ccc1[N+](=O)[O-])S(=O)(=O)F,36
C1=C[C@]2(C(=CC1=O)CC[C@@H]1[C@@H]2C(=O)C[C@]2([C@H]1CC[C@@]2(C(=O)CO)O)C)C.C1CCC2=NCCCN2CC1.C(C(C(F)(F)S(=O)(=O)F)(F)F)(C(F)(F)F)(F)F,31
C1=C[C@]2(C(=CC1=O)CC[C@@H]1[C@@H]2C(=O)C[C@]2([C@H]1CC[C@@]2(C(=O)CO)O)C)C.CN1CCCN2CCCN=C12.c1cc(ccc1S(=O)(=O)F)Cl,43
C1=C[C@]2(C(=CC1=O)CC[C@@H]1[C@@H]2C(=O)C[C@]2([C@H]1CC[C@@]2(C(=O)CO)O)C)C.CN1CCCN2CCCN=C12.c1ccnc(c1)S(=O)(=O)F,53
C1=C[C@]2(C(=CC1=O)CC[C@@H]1[C@@H]2C(=O)C[C@]2([C@H]1CC[C@@]2(C(=O)CO)O)C)C.CN1CCCN2CCCN=C12.c1cc(ccc1C(F)(F)F)S(=O)(=O)F,42
C1=C[C@]2(C(=CC1=O)CC[C@@H]1[C@@H]2C(=O)C[C@]2([C@H]1CC[C@@]2(C(=O)CO)O)C)C.CN1CCCN2CCCN=C12.c1cc(ccc1[N+](=O)[O-])S(=O)(=O)F,12
C1=C[C@]2(C(=CC1=O)CC[C@@H]1[C@@H]2C(=O)C[C@]2([C@H]1CC[C@@]2(C(=O)CO)O)C)C.CN1CCCN2CCCN=C12.C(C(C(F)(F)S(=O)(=O)F)(F)F)(C(F)(F)F)(F)F,31
C1=C[C@]2(C(=CC1=O)CC[C@@H]1[C@@H]2C(=O)C[C@]2([C@H]1CC[C@@]2(C(=O)CO)O)C)C.CC(C)(C)N=C(N(C)C)N(C)C.c1cc(ccc1S(=O)(=O)F)Cl,41
C1=C[C@]2(C(=CC1=O)CC[C@@H]1[C@@H]2C(=O)C[C@]2([C@H]1CC[C@@]2(C(=O)CO)O)C)C.CC(C)(C)N=C(N(C)C)N(C)C.c1ccnc(c1)S(=O)(=O)F,51
C1=C[C@]2(C(=CC1=O)CC[C@@H]1[C@@H]2C(=O)C[C@]2([C@H]1CC[C@@]2(C(=O)CO)O)C)C.CC(C)(C)N=C(N(C)C)N(C)C.c1cc(ccc1C(F)(F)F)S(=O)(=O)F,53
C1=C[C@]2(C(=CC1=O)CC[C@@H]1[C@@H]2C(=O)C[C@]2([C@H]1CC[C@@]2(C(=O)CO)O)C)C.CC(C)(C)N=C(N(C)C)N(C)C.c1cc(ccc1[N+](=O)[O-])S(=O)(=O)F,14
C1=C[C@]2(C(=CC1=O)CC[C@@H]1[C@@H]2C(=O)C[C@]2([C@H]1CC[C@@]2(C(=O)CO)O)C)C.CC(C)(C)N=C(N(C)C)N(C)C.C(C(C(F)(F)S(=O)(=O)F)(F)F)(C(F)(F)F)(F)F,42
C1=C[C@]2(C(=CC1=O)CC[C@@H]1[C@@H]2C(=O)C[C@]2([C@H]1CC[C@@]2(C(=O)CO)O)C)C.CC(C)(C)N=P(N1CCCC1)(N2CCCC2)N3CCCC3.c1cc(ccc1S(=O)(=O)F)Cl,35
C1=C[C@]2(C(=CC1=O)CC[C@@H]1[C@@H]2C(=O)C[C@]2([C@H]1CC[C@@]2(C(=O)CO)O)C)C.CC(C)(C)N=P(N1CCCC1)(N2CCCC2)N3CCCC3.c1ccnc(c1)S(=O)(=O)F,44
C1=C[C@]2(C(=CC1=O)CC[C@@H]1[C@@H]2C(=O)C[C@]2([C@H]1CC[C@@]2(C(=O)CO)O)C)C.CC(C)(C)N=P(N1CCCC1)(N2CCCC2)N3CCCC3.c1cc(ccc1C(F)(F)F)S(=O)(=O)F,54
C1=C[C@]2(C(=CC1=O)CC[C@@H]1[C@@H]2C(=O)C[C@]2([C@H]1CC[C@@]2(C(=O)CO)O)C)C.CC(C)(C)N=P(N1CCCC1)(N2CCCC2)N3CCCC3.c1cc(ccc1[N+](=O)[O-])S(=O)(=O)F,11
C1=C[C@]2(C(=CC1=O)CC[C@@H]1[C@@H]2C(=O)C[C@]2([C@H]1CC[C@@]2(C(=O)CO)O)C)C.CC(C)(C)N=P(N1CCCC1)(N2CCCC2)N3CCCC3.C(C(C(F)(F)S(=O)(=O)F)(F)F)(C(F)(F)F)(F)F,43
N([C@@H](CO)C(=O)OC)C(c1ccccc1)(c1ccccc1)c1ccccc1.C1CCC2=NCCCN2CC1.c1cc(ccc1S(=O)(=O)F)Cl,2
N([C@@H](CO)C(=O)OC)C(c1ccccc1)(c1ccccc1)c1ccccc1.C1CCC2=NCCCN2CC1.c1ccnc(c1)S(=O)(=O)F,3
N([C@@H](CO)C(=O)OC)C(c1ccccc1)(c1ccccc1)c1ccccc1.C1CCC2=NCCCN2CC1.c1cc(ccc1C(F)(F)F)S(=O)(=O)F,3
N([C@@H](CO)C(=O)OC)C(c1ccccc1)(c1ccccc1)c1ccccc1.C1CCC2=NCCCN2CC1.c1cc(ccc1[N+](=O)[O-])S(=O)(=O)F,3
N([C@@H](CO)C(=O)OC)C(c1ccccc1)(c1ccccc1)c1ccccc1.C1CCC2=NCCCN2CC1.C(C(C(F)(F)S(=O)(=O)F)(F)F)(C(F)(F)F)(F)F,3
N([C@@H](CO)C(=O)OC)C(c1ccccc1)(c1ccccc1)c1ccccc1.CN1CCCN2CCCN=C12.c1cc(ccc1S(=O)(=O)F)Cl,5
N([C@@H](CO)C(=O)OC)C(c1ccccc1)(c1ccccc1)c1ccccc1.CN1CCCN2CCCN=C12.c1ccnc(c1)S(=O)(=O)F,8
N([C@@H](CO)C(=O)OC)C(c1ccccc1)(c1ccccc1)c1ccccc1.CN1CCCN2CCCN=C12.c1cc(ccc1C(F)(F)F)S(=O)(=O)F,8
N([C@@H](CO)C(=O)OC)C(c1ccccc1)(c1ccccc1)c1ccccc1.CN1CCCN2CCCN=C12.c1cc(ccc1[N+](=O)[O-])S(=O)(=O)F,9
N([C@@H](CO)C(=O)OC)C(c1ccccc1)(c1ccccc1)c1ccccc1.CN1CCCN2CCCN=C12.C(C(C(F)(F)S(=O)(=O)F)(F)F)(C(F)(F)F)(F)F,9
N([C@@H](CO)C(=O)OC)C(c1ccccc1)(c1ccccc1)c1ccccc1.CC(C)(C)N=C(N(C)C)N(C)C.c1cc(ccc1S(=O)(=O)F)Cl,5
N([C@@H](CO)C(=O)OC)C(c1ccccc1)(c1ccccc1)c1ccccc1.CC(C)(C)N=C(N(C)C)N(C)C.c1ccnc(c1)S(=O)(=O)F,5
N([C@@H](CO)C(=O)OC)C(c1ccccc1)(c1ccccc1)c1ccccc1.CC(C)(C)N=C(N(C)C)N(C)C.c1cc(ccc1C(F)(F)F)S(=O)(=O)F,7
N([C@@H](CO)C(=O)OC)C(c1ccccc1)(c1ccccc1)c1ccccc1.CC(C)(C)N=C(N(C)C)N(C)C.c1cc(ccc1[N+](=O)[O-])S(=O)(=O)F,10
N([C@@H](CO)C(=O)OC)C(c1ccccc1)(c1ccccc1)c1ccccc1.CC(C)(C)N=C(N(C)C)N(C)C.C(C(C(F)(F)S(=O)(=O)F)(F)F)(C(F)(F)F)(F)F,9
N([C@@H](CO)C(=O)OC)C(c1ccccc1)(c1ccccc1)c1ccccc1.CC(C)(C)N=P(N1CCCC1)(N2CCCC2)N3CCCC3.c1cc(ccc1S(=O)(=O)F)Cl,7
N([C@@H](CO)C(=O)OC)C(c1ccccc1)(c1ccccc1)c1ccccc1.CC(C)(C)N=P(N1CCCC1)(N2CCCC2)N3CCCC3.c1ccnc(c1)S(=O)(=O)F,5
N([C@@H](CO)C(=O)OC)C(c1ccccc1)(c1ccccc1)c1ccccc1.CC(C)(C)N=P(N1CCCC1)(N2CCCC2)N3CCCC3.c1cc(ccc1C(F)(F)F)S(=O)(=O)F,9
N([C@@H](CO)C(=O)OC)C(c1ccccc1)(c1ccccc1)c1ccccc1.CC(C)(C)N=P(N1CCCC1)(N2CCCC2)N3CCCC3.c1cc(ccc1[N+](=O)[O-])S(=O)(=O)F,11
N([C@@H](CO)C(=O)OC)C(c1ccccc1)(c1ccccc1)c1ccccc1.CC(C)(C)N=P(N1CCCC1)(N2CCCC2)N3CCCC3.C(C(C(F)(F)S(=O)(=O)F)(F)F)(C(F)(F)F)(F)F,28
C1[C@H]([C@H]2[C@@]34C(C1)[C@H]([C@H](O[C@@H]3O[C@@](CC2)(OO4)C)O)C)C.C1CCC2=NCCCN2CC1.c1cc(ccc1S(=O)(=O)F)Cl,10
C1[C@H]([C@H]2[C@@]34C(C1)[C@H]([C@H](O[C@@H]3O[C@@](CC2)(OO4)C)O)C)C.C1CCC2=NCCCN2CC1.c1ccnc(c1)S(=O)(=O)F,38
C1[C@H]([C@H]2[C@@]34C(C1)[C@H]([C@H](O[C@@H]3O[C@@](CC2)(OO4)C)O)C)C.C1CCC2=NCCCN2CC1.c1cc(ccc1C(F)(F)F)S(=O)(=O)F,32
C1[C@H]([C@H]2[C@@]34C(C1)[C@H]([C@H](O[C@@H]3O[C@@](CC2)(OO4)C)O)C)C.C1CCC2=NCCCN2CC1.c1cc(ccc1[N+](=O)[O-])S(=O)(=O)F,41
C1[C@H]([C@H]2[C@@]34C(C1)[C@H]([C@H](O[C@@H]3O[C@@](CC2)(OO4)C)O)C)C.C1CCC2=NCCCN2CC1.C(C(C(F)(F)S(=O)(=O)F)(F)F)(C(F)(F)F)(F)F,33
C1[C@H]([C@H]2[C@@]34C(C1)[C@H]([C@H](O[C@@H]3O[C@@](CC2)(OO4)C)O)C)C.CN1CCCN2CCCN=C12.c1cc(ccc1S(=O)(=O)F)Cl,23
C1[C@H]([C@H]2[C@@]34C(C1)[C@H]([C@H](O[C@@H]3O[C@@](CC2)(OO4)C)O)C)C.CN1CCCN2CCCN=C12.c1ccnc(c1)S(=O)(=O)F,43
C1[C@H]([C@H]2[C@@]34C(C1)[C@H]([C@H](O[C@@H]3O[C@@](CC2)(OO4)C)O)C)C.CN1CCCN2CCCN=C12.c1cc(ccc1C(F)(F)F)S(=O)(=O)F,43
C1[C@H]([C@H]2[C@@]34C(C1)[C@H]([C@H](O[C@@H]3O[C@@](CC2)(OO4)C)O)C)C.CN1CCCN2CCCN=C12.c1cc(ccc1[N+](=O)[O-])S(=O)(=O)F,50
C1[C@H]([C@H]2[C@@]34C(C1)[C@H]([C@H](O[C@@H]3O[C@@](CC2)(OO4)C)O)C)C.CN1CCCN2CCCN=C12.C(C(C(F)(F)S(=O)(=O)F)(F)F)(C(F)(F)F)(F)F,32
C1[C@H]([C@H]2[C@@]34C(C1)[C@H]([C@H](O[C@@H]3O[C@@](CC2)(OO4)C)O)C)C.CC(C)(C)N=C(N(C)C)N(C)C.c1cc(ccc1S(=O)(=O)F)Cl,15
C1[C@H]([C@H]2[C@@]34C(C1)[C@H]([C@H](O[C@@H]3O[C@@](CC2)(OO4)C)O)C)C.CC(C)(C)N=C(N(C)C)N(C)C.c1ccnc(c1)S(=O)(=O)F,39
C1[C@H]([C@H]2[C@@]34C(C1)[C@H]([C@H](O[C@@H]3O[C@@](CC2)(OO4)C)O)C)C.CC(C)(C)N=C(N(C)C)N(C)C.c1cc(ccc1C(F)(F)F)S(=O)(=O)F,41
C1[C@H]([C@H]2[C@@]34C(C1)[C@H]([C@H](O[C@@H]3O[C@@](CC2)(OO4)C)O)C)C.CC(C)(C)N=C(N(C)C)N(C)C.c1cc(ccc1[N+](=O)[O-])S(=O)(=O)F,52
C1[C@H]([C@H]2[C@@]34C(C1)[C@H]([C@H](O[C@@H]3O[C@@](CC2)(OO4)C)O)C)C.CC(C)(C)N=C(N(C)C)N(C)C.C(C(C(F)(F)S(=O)(=O)F)(F)F)(C(F)(F)F)(F)F,38
C1[C@H]([C@H]2[C@@]34C(C1)[C@H]([C@H](O[C@@H]3O[C@@](CC2)(OO4)C)O)C)C.CC(C)(C)N=P(N1CCCC1)(N2CCCC2)N3CCCC3.c1cc(ccc1S(=O)(=O)F)Cl,14
C1[C@H]([C@H]2[C@@]34C(C1)[C@H]([C@H](O[C@@H]3O[C@@](CC2)(OO4)C)O)C)C.CC(C)(C)N=P(N1CCCC1)(N2CCCC2)N3CCCC3.c1ccnc(c1)S(=O)(=O)F,23
C1[C@H]([C@H]2[C@@]34C(C1)[C@H]([C@H](O[C@@H]3O[C@@](CC2)(OO4)C)O)C)C.CC(C)(C)N=P(N1CCCC1)(N2CCCC2)N3CCCC3.c1cc(ccc1C(F)(F)F)S(=O)(=O)F,36
C1[C@H]([C@H]2[C@@]34C(C1)[C@H]([C@H](O[C@@H]3O[C@@](CC2)(OO4)C)O)C)C.CC(C)(C)N=P(N1CCCC1)(N2CCCC2)N3CCCC3.c1cc(ccc1[N+](=O)[O-])S(=O)(=O)F,44
C1[C@H]([C@H]2[C@@]34C(C1)[C@H]([C@H](O[C@@H]3O[C@@](CC2)(OO4)C)O)C)C.CC(C)(C)N=P(N1CCCC1)(N2CCCC2)N3CCCC3.C(C(C(F)(F)S(=O)(=O)F)(F)F)(C(F)(F)F)(F)F,45
n12c(ncc(c1)CCCO)ncn2.C1CCC2=NCCCN2CC1.c1cc(ccc1S(=O)(=O)F)Cl,60
n12c(ncc(c1)CCCO)ncn2.C1CCC2=NCCCN2CC1.c1ccnc(c1)S(=O)(=O)F,61
n12c(ncc(c1)CCCO)ncn2.C1CCC2=NCCCN2CC1.c1cc(ccc1C(F)(F)F)S(=O)(=O)F,57
n12c(ncc(c1)CCCO)ncn2.C1CCC2=NCCCN2CC1.c1cc(ccc1[N+](=O)[O-])S(=O)(=O)F,57
n12c(ncc(c1)CCCO)ncn2.C1CCC2=NCCCN2CC1.C(C(C(F)(F)S(=O)(=O)F)(F)F)(C(F)(F)F)(F)F,50
n12c(ncc(c1)CCCO)ncn2.CN1CCCN2CCCN=C12.c1cc(ccc1S(=O)(=O)F)Cl,86
n12c(ncc(c1)CCCO)ncn2.CN1CCCN2CCCN=C12.c1ccnc(c1)S(=O)(=O)F,80
n12c(ncc(c1)CCCO)ncn2.CN1CCCN2CCCN=C12.c1cc(ccc1C(F)(F)F)S(=O)(=O)F,79
n12c(ncc(c1)CCCO)ncn2.CN1CCCN2CCCN=C12.c1cc(ccc1[N+](=O)[O-])S(=O)(=O)F,85
n12c(ncc(c1)CCCO)ncn2.CN1CCCN2CCCN=C12.C(C(C(F)(F)S(=O)(=O)F)(F)F)(C(F)(F)F)(F)F,73
n12c(ncc(c1)CCCO)ncn2.CC(C)(C)N=C(N(C)C)N(C)C.c1cc(ccc1S(=O)(=O)F)Cl,87
n12c(ncc(c1)CCCO)ncn2.CC(C)(C)N=C(N(C)C)N(C)C.c1ccnc(c1)S(=O)(=O)F,82
n12c(ncc(c1)CCCO)ncn2.CC(C)(C)N=C(N(C)C)N(C)C.c1cc(ccc1C(F)(F)F)S(=O)(=O)F,85
n12c(ncc(c1)CCCO)ncn2.CC(C)(C)N=C(N(C)C)N(C)C.c1cc(ccc1[N+](=O)[O-])S(=O)(=O)F,79
n12c(ncc(c1)CCCO)ncn2.CC(C)(C)N=C(N(C)C)N(C)C.C(C(C(F)(F)S(=O)(=O)F)(F)F)(C(F)(F)F)(F)F,74
n12c(ncc(c1)CCCO)ncn2.CC(C)(C)N=P(N1CCCC1)(N2CCCC2)N3CCCC3.c1cc(ccc1S(=O)(=O)F)Cl,80
n12c(ncc(c1)CCCO)ncn2.CC(C)(C)N=P(N1CCCC1)(N2CCCC2)N3CCCC3.c1ccnc(c1)S(=O)(=O)F,80
n12c(ncc(c1)CCCO)ncn2.CC(C)(C)N=P(N1CCCC1)(N2CCCC2)N3CCCC3.c1cc(ccc1C(F)(F)F)S(=O)(=O)F,75
n12c(ncc(c1)CCCO)ncn2.CC(C)(C)N=P(N1CCCC1)(N2CCCC2)N3CCCC3.c1cc(ccc1[N+](=O)[O-])S(=O)(=O)F,76
n12c(ncc(c1)CCCO)ncn2.CC(C)(C)N=P(N1CCCC1)(N2CCCC2)N3CCCC3.C(C(C(F)(F)S(=O)(=O)F)(F)F)(C(F)(F)F)(F)F,80
c1ccc2c(c1)CC(C2)O.C1CCC2=NCCCN2CC1.c1cc(ccc1S(=O)(=O)F)Cl,32
c1ccc2c(c1)CC(C2)O.C1CCC2=NCCCN2CC1.c1ccnc(c1)S(=O)(=O)F,46
c1ccc2c(c1)CC(C2)O.C1CCC2=NCCCN2CC1.c1cc(ccc1C(F)(F)F)S(=O)(=O)F,38
c1ccc2c(c1)CC(C2)O.C1CCC2=NCCCN2CC1.c1cc(ccc1[N+](=O)[O-])S(=O)(=O)F,44
c1ccc2c(c1)CC(C2)O.C1CCC2=NCCCN2CC1.C(C(C(F)(F)S(=O)(=O)F)(F)F)(C(F)(F)F)(F)F,60
c1ccc2c(c1)CC(C2)O.CN1CCCN2CCCN=C12.c1cc(ccc1S(=O)(=O)F)Cl,32
c1ccc2c(c1)CC(C2)O.CN1CCCN2CCCN=C12.c1ccnc(c1)S(=O)(=O)F,43
c1ccc2c(c1)CC(C2)O.CN1CCCN2CCCN=C12.c1cc(ccc1C(F)(F)F)S(=O)(=O)F,37
c1ccc2c(c1)CC(C2)O.CN1CCCN2CCCN=C12.c1cc(ccc1[N+](=O)[O-])S(=O)(=O)F,38
c1ccc2c(c1)CC(C2)O.CN1CCCN2CCCN=C12.C(C(C(F)(F)S(=O)(=O)F)(F)F)(C(F)(F)F)(F)F,62
c1ccc2c(c1)CC(C2)O.CC(C)(C)N=C(N(C)C)N(C)C.c1cc(ccc1S(=O)(=O)F)Cl,20
c1ccc2c(c1)CC(C2)O.CC(C)(C)N=C(N(C)C)N(C)C.c1ccnc(c1)S(=O)(=O)F,33
c1ccc2c(c1)CC(C2)O.CC(C)(C)N=C(N(C)C)N(C)C.c1cc(ccc1C(F)(F)F)S(=O)(=O)F,27
c1ccc2c(c1)CC(C2)O.CC(C)(C)N=C(N(C)C)N(C)C.c1cc(ccc1[N+](=O)[O-])S(=O)(=O)F,30
c1ccc2c(c1)CC(C2)O.CC(C)(C)N=C(N(C)C)N(C)C.C(C(C(F)(F)S(=O)(=O)F)(F)F)(C(F)(F)F)(F)F,64
c1ccc2c(c1)CC(C2)O.CC(C)(C)N=P(N1CCCC1)(N2CCCC2)N3CCCC3.c1cc(ccc1S(=O)(=O)F)Cl,16
c1ccc2c(c1)CC(C2)O.CC(C)(C)N=P(N1CCCC1)(N2CCCC2)N3CCCC3.c1ccnc(c1)S(=O)(=O)F,20
c1ccc2c(c1)CC(C2)O.CC(C)(C)N=P(N1CCCC1)(N2CCCC2)N3CCCC3.c1cc(ccc1C(F)(F)F)S(=O)(=O)F,19
c1ccc2c(c1)CC(C2)O.CC(C)(C)N=P(N1CCCC1)(N2CCCC2)N3CCCC3.c1cc(ccc1[N+](=O)[O-])S(=O)(=O)F,14
c1ccc2c(c1)CC(C2)O.CC(C)(C)N=P(N1CCCC1)(N2CCCC2)N3CCCC3.C(C(C(F)(F)S(=O)(=O)F)(F)F)(C(F)(F)F)(F)F,64
c1cc(ccc1c1onc(c1)CO)F.C1CCC2=NCCCN2CC1.c1cc(ccc1S(=O)(=O)F)Cl,16
c1cc(ccc1c1onc(c1)CO)F.C1CCC2=NCCCN2CC1.c1ccnc(c1)S(=O)(=O)F,18
c1cc(ccc1c1onc(c1)CO)F.C1CCC2=NCCCN2CC1.c1cc(ccc1C(F)(F)F)S(=O)(=O)F,16
c1cc(ccc1c1onc(c1)CO)F.C1CCC2=NCCCN2CC1.c1cc(ccc1[N+](=O)[O-])S(=O)(=O)F,20
c1cc(ccc1c1onc(c1)CO)F.C1CCC2=NCCCN2CC1.C(C(C(F)(F)S(=O)(=O)F)(F)F)(C(F)(F)F)(F)F,31
c1cc(ccc1c1onc(c1)CO)F.CN1CCCN2CCCN=C12.c1cc(ccc1S(=O)(=O)F)Cl,56
c1cc(ccc1c1onc(c1)CO)F.CN1CCCN2CCCN=C12.c1ccnc(c1)S(=O)(=O)F,57
c1cc(ccc1c1onc(c1)CO)F.CN1CCCN2CCCN=C12.c1cc(ccc1C(F)(F)F)S(=O)(=O)F,53
c1cc(ccc1c1onc(c1)CO)F.CN1CCCN2CCCN=C12.c1cc(ccc1[N+](=O)[O-])S(=O)(=O)F,55
c1cc(ccc1c1onc(c1)CO)F.CN1CCCN2CCCN=C12.C(C(C(F)(F)S(=O)(=O)F)(F)F)(C(F)(F)F)(F)F,58
c1cc(ccc1c1onc(c1)CO)F.CC(C)(C)N=C(N(C)C)N(C)C.c1cc(ccc1S(=O)(=O)F)Cl,86
c1cc(ccc1c1onc(c1)CO)F.CC(C)(C)N=C(N(C)C)N(C)C.c1ccnc(c1)S(=O)(=O)F,80
c1cc(ccc1c1onc(c1)CO)F.CC(C)(C)N=C(N(C)C)N(C)C.c1cc(ccc1C(F)(F)F)S(=O)(=O)F,86
c1cc(ccc1c1onc(c1)CO)F.CC(C)(C)N=C(N(C)C)N(C)C.c1cc(ccc1[N+](=O)[O-])S(=O)(=O)F,88
c1cc(ccc1c1onc(c1)CO)F.CC(C)(C)N=C(N(C)C)N(C)C.C(C(C(F)(F)S(=O)(=O)F)(F)F)(C(F)(F)F)(F)F,81
c1cc(ccc1c1onc(c1)CO)F.CC(C)(C)N=P(N1CCCC1)(N2CCCC2)N3CCCC3.c1cc(ccc1S(=O)(=O)F)Cl,94
c1cc(ccc1c1onc(c1)CO)F.CC(C)(C)N=P(N1CCCC1)(N2CCCC2)N3CCCC3.c1ccnc(c1)S(=O)(=O)F,91
c1cc(ccc1c1onc(c1)CO)F.CC(C)(C)N=P(N1CCCC1)(N2CCCC2)N3CCCC3.c1cc(ccc1C(F)(F)F)S(=O)(=O)F,93
c1cc(ccc1c1onc(c1)CO)F.CC(C)(C)N=P(N1CCCC1)(N2CCCC2)N3CCCC3.c1cc(ccc1[N+](=O)[O-])S(=O)(=O)F,95
c1cc(ccc1c1onc(c1)CO)F.CC(C)(C)N=P(N1CCCC1)(N2CCCC2)N3CCCC3.C(C(C(F)(F)S(=O)(=O)F)(F)F)(C(F)(F)F)(F)F,97
C(C(C)O)Oc1ccccc1.C1CCC2=NCCCN2CC1.c1cc(ccc1S(=O)(=O)F)Cl,31
C(C(C)O)Oc1ccccc1.C1CCC2=NCCCN2CC1.c1ccnc(c1)S(=O)(=O)F,34
C(C(C)O)Oc1ccccc1.C1CCC2=NCCCN2CC1.c1cc(ccc1C(F)(F)F)S(=O)(=O)F,52
C(C(C)O)Oc1ccccc1.C1CCC2=NCCCN2CC1.c1cc(ccc1[N+](=O)[O-])S(=O)(=O)F,69
C(C(C)O)Oc1ccccc1.C1CCC2=NCCCN2CC1.C(C(C(F)(F)S(=O)(=O)F)(F)F)(C(F)(F)F)(F)F,82
C(C(C)O)Oc1ccccc1.CN1CCCN2CCCN=C12.c1cc(ccc1S(=O)(=O)F)Cl,35
C(C(C)O)Oc1ccccc1.CN1CCCN2CCCN=C12.c1ccnc(c1)S(=O)(=O)F,44
C(C(C)O)Oc1ccccc1.CN1CCCN2CCCN=C12.c1cc(ccc1C(F)(F)F)S(=O)(=O)F,60
C(C(C)O)Oc1ccccc1.CN1CCCN2CCCN=C12.c1cc(ccc1[N+](=O)[O-])S(=O)(=O)F,76
C(C(C)O)Oc1ccccc1.CN1CCCN2CCCN=C12.C(C(C(F)(F)S(=O)(=O)F)(F)F)(C(F)(F)F)(F)F,90
C(C(C)O)Oc1ccccc1.CC(C)(C)N=C(N(C)C)N(C)C.c1cc(ccc1S(=O)(=O)F)Cl,26
C(C(C)O)Oc1ccccc1.CC(C)(C)N=C(N(C)C)N(C)C.c1ccnc(c1)S(=O)(=O)F,23
C(C(C)O)Oc1ccccc1.CC(C)(C)N=C(N(C)C)N(C)C.c1cc(ccc1C(F)(F)F)S(=O)(=O)F,46
C(C(C)O)Oc1ccccc1.CC(C)(C)N=C(N(C)C)N(C)C.c1cc(ccc1[N+](=O)[O-])S(=O)(=O)F,59
C(C(C)O)Oc1ccccc1.CC(C)(C)N=C(N(C)C)N(C)C.C(C(C(F)(F)S(=O)(=O)F)(F)F)(C(F)(F)F)(F)F,85
C(C(C)O)Oc1ccccc1.CC(C)(C)N=P(N1CCCC1)(N2CCCC2)N3CCCC3.c1cc(ccc1S(=O)(=O)F)Cl,41
C(C(C)O)Oc1ccccc1.CC(C)(C)N=P(N1CCCC1)(N2CCCC2)N3CCCC3.c1ccnc(c1)S(=O)(=O)F,32
C(C(C)O)Oc1ccccc1.CC(C)(C)N=P(N1CCCC1)(N2CCCC2)N3CCCC3.c1cc(ccc1C(F)(F)F)S(=O)(=O)F,57
C(C(C)O)Oc1ccccc1.CC(C)(C)N=P(N1CCCC1)(N2CCCC2)N3CCCC3.c1cc(ccc1[N+](=O)[O-])S(=O)(=O)F,59
C(C(C)O)Oc1ccccc1.CC(C)(C)N=P(N1CCCC1)(N2CCCC2)N3CCCC3.C(C(C(F)(F)S(=O)(=O)F)(F)F)(C(F)(F)F)(F)F,86
c12c(c3c(/C/1=C\c1ccc(cc1)Cl)cc(cc3C(O)CN(CCCC)CCCC)Cl)ccc(c2)Cl.C1CCC2=NCCCN2CC1.c1cc(ccc1S(=O)(=O)F)Cl,39
c12c(c3c(/C/1=C\c1ccc(cc1)Cl)cc(cc3C(O)CN(CCCC)CCCC)Cl)ccc(c2)Cl.C1CCC2=NCCCN2CC1.c1ccnc(c1)S(=O)(=O)F,56
c12c(c3c(/C/1=C\c1ccc(cc1)Cl)cc(cc3C(O)CN(CCCC)CCCC)Cl)ccc(c2)Cl.C1CCC2=NCCCN2CC1.c1cc(ccc1C(F)(F)F)S(=O)(=O)F,45
c12c(c3c(/C/1=C\c1ccc(cc1)Cl)cc(cc3C(O)CN(CCCC)CCCC)Cl)ccc(c2)Cl.C1CCC2=NCCCN2CC1.c1cc(ccc1[N+](=O)[O-])S(=O)(=O)F,49
c12c(c3c(/C/1=C\c1ccc(cc1)Cl)cc(cc3C(O)CN(CCCC)CCCC)Cl)ccc(c2)Cl.C1CCC2=NCCCN2CC1.C(C(C(F)(F)S(=O)(=O)F)(F)F)(C(F)(F)F)(F)F,57
c12c(c3c(/C/1=C\c1ccc(cc1)Cl)cc(cc3C(O)CN(CCCC)CCCC)Cl)ccc(c2)Cl.CN1CCCN2CCCN=C12.c1cc(ccc1S(=O)(=O)F)Cl,81
c12c(c3c(/C/1=C\c1ccc(cc1)Cl)cc(cc3C(O)CN(CCCC)CCCC)Cl)ccc(c2)Cl.CN1CCCN2CCCN=C12.c1ccnc(c1)S(=O)(=O)F,73
c12c(c3c(/C/1=C\c1ccc(cc1)Cl)cc(cc3C(O)CN(CCCC)CCCC)Cl)ccc(c2)Cl.CN1CCCN2CCCN=C12.c1cc(ccc1C(F)(F)F)S(=O)(=O)F,81
c12c(c3c(/C/1=C\c1ccc(cc1)Cl)cc(cc3C(O)CN(CCCC)CCCC)Cl)ccc(c2)Cl.CN1CCCN2CCCN=C12.c1cc(ccc1[N+](=O)[O-])S(=O)(=O)F,82
c12c(c3c(/C/1=C\c1ccc(cc1)Cl)cc(cc3C(O)CN(CCCC)CCCC)Cl)ccc(c2)Cl.CN1CCCN2CCCN=C12.C(C(C(F)(F)S(=O)(=O)F)(F)F)(C(F)(F)F)(F)F,84
c12c(c3c(/C/1=C\c1ccc(cc1)Cl)cc(cc3C(O)CN(CCCC)CCCC)Cl)ccc(c2)Cl.CC(C)(C)N=C(N(C)C)N(C)C.c1cc(ccc1S(=O)(=O)F)Cl,64
c12c(c3c(/C/1=C\c1ccc(cc1)Cl)cc(cc3C(O)CN(CCCC)CCCC)Cl)ccc(c2)Cl.CC(C)(C)N=C(N(C)C)N(C)C.c1ccnc(c1)S(=O)(=O)F,59
c12c(c3c(/C/1=C\c1ccc(cc1)Cl)cc(cc3C(O)CN(CCCC)CCCC)Cl)ccc(c2)Cl.CC(C)(C)N=C(N(C)C)N(C)C.c1cc(ccc1C(F)(F)F)S(=O)(=O)F,78
c12c(c3c(/C/1=C\c1ccc(cc1)Cl)cc(cc3C(O)CN(CCCC)CCCC)Cl)ccc(c2)Cl.CC(C)(C)N=C(N(C)C)N(C)C.c1cc(ccc1[N+](=O)[O-])S(=O)(=O)F,86
c12c(c3c(/C/1=C\c1ccc(cc1)Cl)cc(cc3C(O)CN(CCCC)CCCC)Cl)ccc(c2)Cl.CC(C)(C)N=C(N(C)C)N(C)C.C(C(C(F)(F)S(=O)(=O)F)(F)F)(C(F)(F)F)(F)F,84
c12c(c3c(/C/1=C\c1ccc(cc1)Cl)cc(cc3C(O)CN(CCCC)CCCC)Cl)ccc(c2)Cl.CC(C)(C)N=P(N1CCCC1)(N2CCCC2)N3CCCC3.c1cc(ccc1S(=O)(=O)F)Cl,78
c12c(c3c(/C/1=C\c1ccc(cc1)Cl)cc(cc3C(O)CN(CCCC)CCCC)Cl)ccc(c2)Cl.CC(C)(C)N=P(N1CCCC1)(N2CCCC2)N3CCCC3.c1ccnc(c1)S(=O)(=O)F,66
c12c(c3c(/C/1=C\c1ccc(cc1)Cl)cc(cc3C(O)CN(CCCC)CCCC)Cl)ccc(c2)Cl.CC(C)(C)N=P(N1CCCC1)(N2CCCC2)N3CCCC3.c1cc(ccc1C(F)(F)F)S(=O)(=O)F,78
c12c(c3c(/C/1=C\c1ccc(cc1)Cl)cc(cc3C(O)CN(CCCC)CCCC)Cl)ccc(c2)Cl.CC(C)(C)N=P(N1CCCC1)(N2CCCC2)N3CCCC3.c1cc(ccc1[N+](=O)[O-])S(=O)(=O)F,76
c12c(c3c(/C/1=C\c1ccc(cc1)Cl)cc(cc3C(O)CN(CCCC)CCCC)Cl)ccc(c2)Cl.CC(C)(C)N=P(N1CCCC1)(N2CCCC2)N3CCCC3.C(C(C(F)(F)S(=O)(=O)F)(F)F)(C(F)(F)F)(F)F,82
